symbole,ticker_name,date,cloture,volume,daily_return,volume_zscore,return_zscore,volume_anomaly,price_anomaly,combined_anomaly,status,matched_headline,matched_news_date,gap_days,category
AB,AMEN BANK,2021-08-12,16.146447071807255,65,0.0299951620706337,-1.0083601728862848,3.0414656268478075,False,True,False,UNEXPLAINED,,,,
AB,AMEN BANK,2021-09-06,15.926509558851684,10218,-0.0094339622641509,3.1212649113971374,-0.9653948883973892,True,False,False,EXPLAINED,"Amen Bank annonce un bénéfice net semestriel de près de 70 millions de dinars, en hausse de 78%",2021-09-03,-3.0,earnings_results
AB,AMEN BANK,2021-11-25,16.957940654091605,5947,0.0597156398104266,1.2202793259769706,5.972795264647152,False,True,False,UNEXPLAINED,,,,
AB,AMEN BANK,2023-03-24,24.26896694682161,24288,0.0322580645161287,1.4207632585547998,3.243168886088485,False,True,False,UNEXPLAINED,,,,
AB,AMEN BANK,2023-05-02,27.378428336883136,5137,0.0388489208633093,0.2656949167581888,3.475496263891173,False,True,False,EXPLAINED,Amen Bank lève 40 millions de dinars sur le marché obligataire,2023-05-01,-1.0,other_news
AB,AMEN BANK,2023-05-18,25.785777380997963,5432,-0.0502793296089386,0.2141786955493549,-4.543066322977989,False,True,False,EXPLAINED,Lotfi BEN HAJ KACEM nommé nouveau Directeur Général de COMAR Assurances,2023-05-18,0.0,other_news
AB,AMEN BANK,2023-08-10,26.61243906762408,3661161,0.0598006644518274,7.122418634964705,6.104735920316724,True,True,True,EXPLAINED,Près de 90 millions de dinars échangés sur le titre Amen Bank ce jeudi en bourse,2023-08-10,0.0,other_news
AB,AMEN BANK,2023-08-21,29.88116555327412,13578,0.0368421052631582,1.0905739167084063,3.1247899739946696,False,True,False,UNEXPLAINED,,,,
AB,AMEN BANK,2024-03-26,32.494210154072306,26383,0.0413888888888889,1.6203422814416653,4.133882548618992,False,True,False,UNEXPLAINED,,,,
AB,AMEN BANK,2024-05-14,32.45954041797834,1750,-0.0628128128128128,-0.8722402155894154,-6.446461162073858,False,True,False,EXPLAINED,La compagnie Assurances Hayett affiche un rendement en hausse pour ses clients en 2023,2024-05-16,2.0,other_news
AB,AMEN BANK,2024-12-06,36.4,162073,0.0041379310344826,3.295659235891192,0.4574546142512888,True,False,False,UNEXPLAINED,,,,
AB,AMEN BANK,2024-12-31,36.9,9871,0.0307262569832402,0.6094331853854077,3.190589843654959,False,True,False,UNEXPLAINED,,,,
AB,AMEN BANK,2025-01-29,37.35,173793,-0.0026702269692924,3.1232356379296915,-0.259410869113559,True,False,False,UNEXPLAINED,,,,
AB,AMEN BANK,2025-02-26,39.1,41751,0.0371352785145888,1.3978323191436592,3.627606044557445,False,True,False,UNEXPLAINED,,,,
AB,AMEN BANK,2025-04-04,41.32,69457,0.0329999999999999,1.935514680767496,3.125172117682079,False,True,False,EXPLAINED,Amen Bank améliore de 18% son bénéfice net en 2024 à 230 millions de dinars,2025-04-03,-1.0,earnings_results
AB,AMEN BANK,2025-05-20,38.8,6747,-0.0673076923076924,-0.2964593699940162,-6.917612105516424,False,True,False,UNEXPLAINED,,,,
AB,AMEN BANK,2025-06-25,40.3,36177,0.0443119979269239,1.5479532300329677,4.036995589890272,False,True,False,EXPLAINED,Transition énergétique : AMEN BANK s'engage aux côtés des entreprises tunisiennes,2025-06-24,-1.0,other_news
AB,AMEN BANK,2025-11-28,47.5,151806,0.0,3.4256676678461924,-0.1105587353861707,True,False,False,EXPLAINED,"Amen Bank : Réalisation d'une transaction de bloc pour 2,8 millions de dinars",2025-11-25,-3.0,other_news
AB,AMEN BANK,2026-01-27,56.0,64324,0.033210332103321,1.7982251550693171,3.0433651448530754,False,True,False,EXPLAINED,Amen Bank réunit experts et entreprises autour de l'intelligence Artificielle,2026-01-26,-1.0,other_news
AB,AMEN BANK,2026-01-30,54.0,26381,-0.0270270270270269,0.8095662404507306,-3.0081258445219348,False,True,False,EXPLAINED,Amen Bank réunit experts et entreprises autour de l'intelligence Artificielle,2026-01-26,-4.0,other_news
AB,AMEN BANK,2026-05-13,69.49,19935,0.0371641791044774,0.7124296666467915,3.3434007815190894,False,True,False,UNEXPLAINED,,,,
AB,AMEN BANK,2026-05-15,72.86,33125,0.0411546156044584,1.7285082769555684,3.4528937111067317,False,True,False,UNEXPLAINED,,,,
ADWYA,ADWYA,2021-08-31,4.69,445,-0.0582329317269075,-0.8520199498299934,-4.733183285188405,False,True,False,EXPLAINED,ADWYA tombe dans le rouge au premier semestre,2021-08-30,-1.0,other_news
ADWYA,ADWYA,2021-09-01,4.89,3687,0.0426439232409379,0.2132764697388907,3.043616871721324,False,True,False,EXPLAINED,ADWYA tombe dans le rouge au premier semestre,2021-08-30,-2.0,other_news
ADWYA,ADWYA,2021-11-08,4.52,38834,0.0585480093676815,1.4925168707829828,3.090820549211403,False,True,False,EXPLAINED,"Décès de Tahar El Matri, fondateur des Laboratoires ADWYA",2021-11-05,-3.0,other_news
ADWYA,ADWYA,2022-06-13,5.65,22413,0.2021276595744681,1.2556438979075897,16.932788550961263,False,True,False,EXPLAINED,Relance du processus de vente de la participation de l'Etat dans ADWYA,2022-06-16,3.0,other_news
ADWYA,ADWYA,2022-07-28,5.85,2190730,0.0299295774647887,3.0482620040785906,0.9548694902265557,True,False,False,EXPLAINED,Le Groupe KILANI monte à plus de 50% au capital de la société ADWYA,2022-07-28,0.0,other_news
AETEC,AETECH,2022-03-24,0.91,5569,0.058139534883721,1.0074845891628683,3.0292948888486184,False,True,False,UNEXPLAINED,,,,
AETEC,AETECH,2022-04-04,1.07,7169,0.07,1.040333585566397,3.0137766053403525,False,True,False,UNEXPLAINED,,,,
AETEC,AETECH,2022-04-18,0.95,18034,-0.0686274509803922,1.298164662771941,-3.002372807887875,False,True,False,UNEXPLAINED,,,,
AETEC,AETECH,2023-06-15,0.54,323,0.1250000000000002,0.3946788788012175,3.972274737779389,False,True,False,UNEXPLAINED,,,,
AETEC,AETECH,2024-03-14,0.32,924,0.1851851851851851,1.1225673483474756,5.121515165686301,False,True,False,UNEXPLAINED,,,,
AETEC,AETECH,2024-09-06,0.24,2234,0.1428571428571428,1.7630790249837665,3.5060895575958777,False,True,False,UNEXPLAINED,,,,
AETEC,AETECH,2025-10-27,0.26,50,0.1304347826086955,-0.7446726600723481,3.287509261829805,False,True,False,UNEXPLAINED,,,,
AETEC,AETECH,2025-12-04,0.29,1110,0.1599999999999999,1.0069401953596138,3.9403801981079623,False,True,False,UNEXPLAINED,,,,
AETEC,AETECH,2026-01-14,0.39,10375,0.1470588235294117,2.208648235667708,3.131795717939638,False,True,False,UNEXPLAINED,,,,
AL,AIR LIQUIDE TUNISIE,2021-08-18,108.49,152,-0.0440567450876728,1.1781087735394276,-3.1723641890762337,False,True,False,UNEXPLAINED,,,,
AL,AIR LIQUIDE TUNISIE,2021-11-11,106.3,51156,-0.0192822216071593,5.0463308957587305,-0.9502714737665368,True,False,False,UNEXPLAINED,,,,
AL,AIR LIQUIDE TUNISIE,2021-11-24,106.3,31476,-0.002065339842283,4.047164022791353,-0.0550997195164925,True,False,False,EXPLAINED,"Air Liquide Tunisie : Réalisation d'une transaction de bloc pour 3,3 millions de dinars",2021-11-25,1.0,other_news
AL,AIR LIQUIDE TUNISIE,2021-11-29,106.3,30211,-0.0019716458548494,3.4855970094240245,-0.0313275250184979,True,False,False,EXPLAINED,"Air Liquide Tunisie : Réalisation d'une transaction de bloc pour 3,3 millions de dinars",2021-11-25,-4.0,other_news
AL,AIR LIQUIDE TUNISIE,2022-11-18,90.96,1545,-0.000109926349346,3.216622498922846,0.0461776784420936,True,False,False,UNEXPLAINED,,,,
AL,AIR LIQUIDE TUNISIE,2023-03-15,83.6,128,-0.0445714285714285,0.9855524793050447,-3.278305220917937,False,True,False,UNEXPLAINED,,,,
AL,AIR LIQUIDE TUNISIE,2023-05-26,87.6,7535,0.0,3.2659066767333997,0.051722689472624,True,False,False,UNEXPLAINED,,,,
AL,AIR LIQUIDE TUNISIE,2023-07-12,88.0,293,-0.0433742798130231,1.1365714616241704,-3.5636743340210923,False,True,False,UNEXPLAINED,,,,
AL,AIR LIQUIDE TUNISIE,2023-08-04,86.05,10,-0.0433574207893274,-0.5212916914188238,-3.29953541291099,False,True,False,UNEXPLAINED,,,,
AL,AIR LIQUIDE TUNISIE,2024-07-08,84.9,29,-0.0513966480446926,0.0379974088340955,-3.086796214991624,False,True,False,UNEXPLAINED,,,,
AL,AIR LIQUIDE TUNISIE,2024-10-07,95.0,173,0.0795454545454545,0.9616331692541794,6.582419625670736,False,True,False,UNEXPLAINED,,,,
AL,AIR LIQUIDE TUNISIE,2024-10-29,98.0,666,0.0885260468732644,1.8053294575464485,5.500691916595109,False,True,False,UNEXPLAINED,,,,
AL,AIR LIQUIDE TUNISIE,2025-02-26,96.32,17,-0.0442548124627902,-0.6232705388446451,-3.436818439598778,False,True,False,UNEXPLAINED,,,,
AL,AIR LIQUIDE TUNISIE,2025-04-04,108.68,13,0.0654901960784315,-0.96042101070288,4.416796476903788,False,True,False,UNEXPLAINED,,,,
AL,AIR LIQUIDE TUNISIE,2025-11-11,156.0,20016,0.0,4.92985845591251,-0.2394191945762959,True,False,False,UNEXPLAINED,,,,
AL,AIR LIQUIDE TUNISIE,2025-11-21,150.0,3555,0.0,3.0080170398354715,-0.2337576853598659,True,False,False,UNEXPLAINED,,,,
AL,AIR LIQUIDE TUNISIE,2025-11-28,150.0,20329,-6.666222251838771e-05,3.543451366479654,-0.2156888386591006,True,False,False,UNEXPLAINED,,,,
AL,AIR LIQUIDE TUNISIE,2026-01-16,156.5,30,0.0398671096345515,-0.2752073818205058,4.084087363634256,False,True,False,UNEXPLAINED,,,,
AL,AIR LIQUIDE TUNISIE,2026-02-05,163.0,26,0.0401378342160678,-0.4250670525216892,3.9678237802699554,False,True,False,UNEXPLAINED,,,,
AL,AIR LIQUIDE TUNISIE,2026-02-27,170.3,1,0.0384146341463416,-1.8396007738763336,3.689472489196371,False,True,False,UNEXPLAINED,,,,
AL,AIR LIQUIDE TUNISIE,2026-03-26,173.81,40,-0.045,0.1107675446785877,-4.82647942891696,False,True,False,UNEXPLAINED,,,,
ALKIM,ALKIM,2023-11-03,28.97,6,0.1405511811023623,-1.3768587191744512,5.451943403209174,False,True,False,EXPLAINED,La chute des revenus se poursuit pour la société chimique ALKIMIA,2023-10-30,-4.0,earnings_results
ALKIM,ALKIM,2024-07-16,17.2,623,-0.0444444444444445,3.1424518274915254,-1.1204321496940683,True,False,False,UNEXPLAINED,,,,
ALKIM,ALKIM,2024-10-23,18.0,5,0.1457670273711011,-1.1555302951300366,4.463774956194542,False,True,False,UNEXPLAINED,,,,
ALKIM,ALKIM,2026-02-11,14.1,1,0.1352657004830917,-2.609601896398772,7.68217456635631,False,True,False,EXPLAINED,"Entre résilience et mutation, ALKIMIA prépare l'après-STPP",2026-02-06,-5.0,other_news
AMS,AMS,2021-10-01,0.84,407,-0.0769230769230769,0.1493365926885168,-3.241840290743468,False,True,False,UNEXPLAINED,,,,
AMS,AMS,2022-05-16,1.03,3547,0.1704545454545454,0.8678005019764498,4.916029843988317,False,True,False,UNEXPLAINED,,,,
AMS,AMS,2023-05-09,0.8,1844,0.0810810810810811,1.34049709087804,3.5858940958314824,False,True,False,UNEXPLAINED,,,,
AMV,MAGHREBIA VIE,2023-05-30,6.91,67353,0.0390977443609021,1.641142469551025,3.690394642492015,False,True,False,UNEXPLAINED,,,,
AMV,MAGHREBIA VIE,2023-11-22,6.28,75961,-0.003174603174603,3.496080183973267,-0.2553870177121163,True,False,False,UNEXPLAINED,,,,
AMV,MAGHREBIA VIE,2024-03-05,5.83,43401,0.0318584070796459,2.9424656366786475,3.249453594188217,False,True,False,UNEXPLAINED,,,,
AMV,MAGHREBIA VIE,2024-03-06,6.0,75755,0.0291595197255574,3.2339655882618605,2.925567558644373,True,False,False,UNEXPLAINED,,,,
AMV,MAGHREBIA VIE,2024-05-17,6.0,4260,0.0434782608695651,0.5689520767314958,4.354641676743346,False,True,False,UNEXPLAINED,,,,
AMV,MAGHREBIA VIE,2024-05-30,5.7,13309,-0.0338983050847457,1.1584850288970752,-3.2693881283908137,False,True,False,UNEXPLAINED,,,,
AMV,MAGHREBIA VIE,2024-06-10,5.7,2134,0.0363636363636363,0.1506704082820599,3.01956152762594,False,True,False,UNEXPLAINED,,,,
AMV,MAGHREBIA VIE,2024-06-24,5.75,1,0.0589318600368324,-3.1831429231456028,4.190353841930792,False,True,False,UNEXPLAINED,,,,
AMV,MAGHREBIA VIE,2024-07-03,5.69,3503,0.0537037037037038,0.3920490310372662,3.2119035308452584,False,True,False,UNEXPLAINED,,,,
AMV,MAGHREBIA VIE,2025-04-24,5.77,10154,-0.0383333333333334,0.6794560739226484,-3.785765521254522,False,True,False,EXPLAINED,Assurances Maghrebia Vie augmente de 5% ses revenus trimestriels à 33 millions de dinars,2025-04-24,0.0,earnings_results
AMV,MAGHREBIA VIE,2025-04-25,5.99,17092,0.0381282495667245,0.9113181828278684,3.6878669214028,False,True,False,EXPLAINED,Assurances Maghrebia Vie augmente de 5% ses revenus trimestriels à 33 millions de dinars,2025-04-24,-1.0,earnings_results
AMV,MAGHREBIA VIE,2025-07-07,5.72,8375,-0.038655462184874,0.5804503461717809,-3.03220919186915,False,True,False,UNEXPLAINED,,,,
AMV,MAGHREBIA VIE,2025-09-02,6.0,53030,0.0526315789473683,1.841134992686168,5.330486954321584,False,True,False,EXPLAINED,Maghrebia Vie améliore de 22 % son bénéfice net au premier semestre 2025,2025-09-01,-1.0,earnings_results
AMV,MAGHREBIA VIE,2025-12-31,6.65,16901,-0.032023289665211,1.2000647312462889,-3.325321243665665,False,True,False,UNEXPLAINED,,,,
AMV,MAGHREBIA VIE,2026-01-19,7.0,37466,0.0447761194029849,1.6498329568751744,3.873616126130767,False,True,False,UNEXPLAINED,,,,
AMV,MAGHREBIA VIE,2026-01-20,7.35,42340,0.05,1.8750105366114933,3.823074023192183,False,True,False,UNEXPLAINED,,,,
AMV,MAGHREBIA VIE,2026-04-07,9.18,3676,0.0551724137931035,-0.423493800938699,3.557251208258579,False,True,False,UNEXPLAINED,,,,
AMV,MAGHREBIA VIE,2026-05-13,9.6,20141,0.0423452768729639,1.2595098816553154,3.217404126458336,False,True,False,UNEXPLAINED,,,,
ARTES,ARTES,2021-07-22,5.87,23489,0.05956678700361,2.5967340926202773,5.118440752255694,False,True,False,UNEXPLAINED,,,,
ARTES,ARTES,2021-08-05,6.44,31031,0.0592105263157896,2.495854410105099,3.3565486009899868,False,True,False,UNEXPLAINED,,,,
ARTES,ARTES,2021-08-17,7.44,157074,0.0553191489361704,3.195712132405668,2.290829436616313,True,False,False,EXPLAINED,"ARTES : L'Assemblée Générale Ordinaire décide la distribution d'un dividende de 0,800 dinar par action",2021-08-16,-1.0,dividend
ARTES,ARTES,2021-09-06,6.59,540,-0.0972602739726027,-1.8436763426277736,-5.255245637778904,False,True,False,UNEXPLAINED,,,,
ARTES,ARTES,2022-03-24,7.14,1369428,-0.0027932960893854,3.007693089453675,-0.1988918773404559,True,False,False,UNEXPLAINED,,,,
ARTES,ARTES,2022-05-19,7.68,47226,0.0392422192151555,1.611859477539881,3.927721081163237,False,True,False,EXPLAINED,Le concessionnaire automobile ARTES annonce un bénéfice record de 40 millions de dinars,2022-05-18,-1.0,earnings_results
ARTES,ARTES,2022-07-04,7.6,12702,-0.0343074968233799,1.1304170062210506,-3.602301626386017,False,True,False,UNEXPLAINED,,,,
ARTES,ARTES,2022-07-06,6.62,1535,-0.1173333333333332,-0.683354618226128,-11.017794626840995,False,True,False,UNEXPLAINED,,,,
ARTES,ARTES,2022-10-24,5.98,5602,-0.0401284109149278,0.4401426564224071,-3.612973536449877,False,True,False,EXPLAINED,Le concessionnaire ARTES voit son chiffre d'affaires divisé par deux à fin septembre,2022-10-25,1.0,earnings_results
ARTES,ARTES,2023-03-28,5.27,3946,0.0539999999999998,0.7016266560702169,4.574200810976682,False,True,False,EXPLAINED,Le concessionnaire automobile ARTES sur le podium des Volants d’Or,2023-03-25,-3.0,other_news
ARTES,ARTES,2023-04-05,5.4,9902,0.0424710424710426,1.276307823478257,3.191960731707122,False,True,False,UNEXPLAINED,,,,
ARTES,ARTES,2023-05-11,5.6,5039,0.0408921933085502,0.8020019979268734,3.1065824348884066,False,True,False,UNEXPLAINED,,,,
ARTES,ARTES,2023-05-31,5.76,15684,0.0472727272727271,1.3200247615986018,3.166844512955332,False,True,False,EXPLAINED,Le concessionnaire automobile ARTES annonce 22 millions de dinars de bénéfice en 2022,2023-06-06,6.0,earnings_results
ARTES,ARTES,2023-07-24,6.13,14681,0.0587219343696028,1.3805316899015263,3.692708725833812,False,True,False,EXPLAINED,Le concessionnaire ARTES décide de doubler son dividende à 1 dinar par action,2023-07-26,2.0,dividend
ARTES,ARTES,2023-07-31,7.38,69773,0.2039151712887439,2.423041216811895,11.68965641354948,False,True,False,EXPLAINED,Le concessionnaire ARTES décide de doubler son dividende à 1 dinar par action,2023-07-26,-5.0,dividend
ARTES,ARTES,2023-08-18,6.24,1863,-0.1381215469613259,-0.3021874000148011,-4.70825198882487,False,True,False,EXPLAINED,Mustapha BEN HATIRA remplace Moncef MZABI à la présidence du concessionnaire ARTES,2023-08-22,4.0,other_news
ARTES,ARTES,2024-04-12,6.9,1294,0.0582822085889571,-0.3064313983515026,3.921823500166965,False,True,False,UNEXPLAINED,,,,
ARTES,ARTES,2024-05-21,7.2,4366,0.0434782608695651,0.5122263976897592,3.283903601030676,False,True,False,EXPLAINED,Le concessionnaire automobile ARTES organise la « Journée des Loueurs »,2024-05-23,2.0,other_news
ARTES,ARTES,2024-05-28,6.81,8569,-0.0593922651933702,0.9248132280548416,-4.255366635442507,False,True,False,EXPLAINED,ARTES améliore de 18% son bénéfice net en 2023 à 27 millions de dinars,2024-05-28,0.0,earnings_results
ARTES,ARTES,2024-07-15,6.08,2270,-0.067484662576687,-0.0929650121121882,-4.216783577362392,False,True,False,EXPLAINED,Nissan lance le nouveau Qashqai e-POWER en Tunisie,2024-07-12,-3.0,other_news
ARTES,ARTES,2024-10-23,7.16,46392,0.0591715976331361,1.4431949303861815,5.173985464557056,False,True,False,EXPLAINED,Le chiffre d'affaires du concessionnaire ARTES s'envole de 70% à fin septembre,2024-10-22,-1.0,earnings_results
ARTES,ARTES,2024-10-24,7.48,57795,0.0446927374301675,1.5170547330389044,3.187706781226975,False,True,False,EXPLAINED,Le chiffre d'affaires du concessionnaire ARTES s'envole de 70% à fin septembre,2024-10-22,-2.0,earnings_results
ARTES,ARTES,2024-12-20,7.98,3505567,0.0,3.861771894752088,-0.2212494256857132,True,False,False,UNEXPLAINED,,,,
ARTES,ARTES,2025-01-08,8.69,12545,0.0597560975609756,0.5858454283359736,3.817033863730669,False,True,False,UNEXPLAINED,,,,
ARTES,ARTES,2025-01-23,10.1,67512,0.0598111227701994,1.3772277092101313,4.090839809903986,False,True,False,EXPLAINED,Les revenus du concessionnaire automobile ARTES s’envolent de 80% en 2024,2025-01-22,-1.0,earnings_results
ARTES,ARTES,2025-01-24,10.7,159617,0.0594059405940594,1.8175534685223589,3.5386852777773354,False,True,False,EXPLAINED,Les revenus du concessionnaire automobile ARTES s’envolent de 80% en 2024,2025-01-22,-2.0,earnings_results
ARTES,ARTES,2025-04-23,11.18,26553,0.0577105014191106,1.4511735253702764,3.9576126292585583,False,True,False,EXPLAINED,Le concessionnaire ARTES voit ses revenus croître de 160% au premier trimestre,2025-04-23,0.0,earnings_results
ARTES,ARTES,2025-06-03,11.43,3898,0.0467032967032967,0.4623537184524753,4.216546937867408,False,True,False,UNEXPLAINED,,,,
ARTES,ARTES,2025-06-10,10.2,230,-0.0727272727272727,-1.2927296504379076,-5.604070065678503,False,True,False,EXPLAINED,Marché automobile : Renault à la tête des marques les plus vendues en Tunisie à fin mai,2025-06-11,1.0,other_news
ARTES,ARTES,2025-07-11,9.4,3448534,-0.0505050505050505,4.604462958424708,-2.7683697574968007,True,False,False,EXPLAINED,Le Groupe ARTES-Renault renouvelle son partenariat avec le Festival International de Hammamet,2025-07-17,6.0,other_news
ARTES,ARTES,2026-01-16,12.24,7736,0.0329113924050632,1.3066781810455994,3.2295588280608905,False,True,False,EXPLAINED,Le concessionnaire ARTES atteint un niveau historique de chiffre d’affaires en 2025,2026-01-22,6.0,earnings_results
ARTES,ARTES,2026-01-28,12.65,9333,0.0334967320261438,1.459326005682193,3.172578748550802,False,True,False,EXPLAINED,NISSAN lance le nouveau MAGNITE en Tunisie et redéfinit le segment des SUV Compacts,2026-01-27,-1.0,other_news
ARTES,ARTES,2026-02-20,15.11,7945,0.0420689655172412,1.0896569914534329,3.216825365450978,False,True,False,UNEXPLAINED,,,,
ARTES,ARTES,2026-03-02,14.4,8095,-0.0582079790712883,1.0680371751412414,-4.730533739319048,False,True,False,UNEXPLAINED,,,,
ARTES,ARTES,2026-03-30,13.48,6338,-0.0599721059972105,0.8007060122101388,-3.583313218884042,False,True,False,UNEXPLAINED,,,,
ARTES,ARTES,2026-06-02,14.08,7915,0.0546816479400749,0.7139582028661409,3.12888084204174,False,True,False,UNEXPLAINED,,,,
ARTES,ARTES,2026-06-12,13.55,2446,-0.0590277777777777,-0.6957684706419136,-3.250343219437916,False,True,False,EXPLAINED,Des revenus en hausse et un bénéfice solide pour le groupe ARTES en 2025,2026-06-17,5.0,earnings_results
ASSAD,ASSAD,2021-09-01,5.34,5241,0.966850828729282,-0.6560576995896181,38.90658385123731,False,True,False,UNEXPLAINED,,,,
ASSAD,ASSAD,2021-09-28,2.405,11686,-0.5041237113402062,-0.0280797096239903,-4.128724715171091,False,True,False,EXPLAINED,ASSAD : Réalisation d'une transaction de bloc pour 1 million de dinars,2021-09-24,-4.0,other_news
ASSAD,ASSAD,2021-09-29,5.04,19919,1.0956340956340958,0.3531768441103551,7.542092848102076,False,True,False,EXPLAINED,ASSAD : Réalisation d'une transaction de bloc pour 1 million de dinars,2021-09-24,-5.0,other_news
ASSAD,ASSAD,2022-07-01,1.08,30504,-0.0442477876106193,0.938919766874996,-3.527203917473475,False,True,False,EXPLAINED,Le Groupe ASSAD multiplie ses pertes par trois en 2021 à 13 millions de dinars,2022-06-29,-2.0,other_news
ASSAD,ASSAD,2022-07-05,1.13,2780,0.0366972477064218,-1.3810063483597106,3.188082974533462,False,True,False,EXPLAINED,Le Groupe ASSAD multiplie ses pertes par trois en 2021 à 13 millions de dinars,2022-06-29,-6.0,other_news
ASSAD,ASSAD,2022-08-15,1.3,46697,0.056910569105691,1.086825179226517,3.3873163945880984,False,True,False,UNEXPLAINED,,,,
ASSAD,ASSAD,2022-11-28,1.19,60748,0.0438596491228071,1.6567972488718858,3.7273809408411336,False,True,False,UNEXPLAINED,,,,
ASSAD,ASSAD,2023-04-04,1.1,64893,0.0476190476190476,1.5990165022623706,4.244796314278738,False,True,False,UNEXPLAINED,,,,
ASSAD,ASSAD,2023-04-14,1.09,87876,0.0582524271844659,1.778344652304852,4.205522247283817,False,True,False,UNEXPLAINED,,,,
ASSAD,ASSAD,2023-04-17,1.15,82880,0.0550458715596329,1.658696456330696,3.441718191363609,False,True,False,UNEXPLAINED,,,,
ASSAD,ASSAD,2023-08-08,0.98,63254,-0.0485436893203884,1.3730364941755624,-3.839321810827109,False,True,False,EXPLAINED,ASSAD : L'endettement frôle les 100 millions de dinars au premier semestre,2023-08-08,0.0,other_news
ASSAD,ASSAD,2023-08-17,0.92,60719,-0.0416666666666666,1.2993760432818895,-3.086740789751953,False,True,False,UNEXPLAINED,,,,
ASSAD,ASSAD,2023-10-25,0.75,18629,0.0563380281690142,0.1750050667303253,4.164020575609322,False,True,False,EXPLAINED,La baisse d'activité se poursuit pour ASSAD à fin septembre,2023-10-26,1.0,other_news
ASSAD,ASSAD,2023-10-26,0.79,7251,0.0533333333333334,-0.421448398711075,3.4376449868904504,False,True,False,EXPLAINED,La baisse d'activité se poursuit pour ASSAD à fin septembre,2023-10-26,0.0,other_news
ASSAD,ASSAD,2023-11-10,0.77,28403,0.0547945205479452,0.6015300780697476,3.180378460514369,False,True,False,EXPLAINED,La société ASSAD enclenche sa restructuration financière,2023-11-09,-1.0,other_news
ASSAD,ASSAD,2024-08-02,0.64,22255,0.0666666666666666,1.115414282440358,3.6023832680036505,False,True,False,EXPLAINED,Affaire des vieilles batteries : La société ASSAD s'explique,2024-07-30,-3.0,other_news
ASSAD,ASSAD,2024-08-06,0.6,77786,-0.0625,2.229014630401903,-3.1507975287166032,False,True,False,EXPLAINED,Affaire des vieilles batteries : La société ASSAD s'explique,2024-07-30,-7.0,other_news
ASSAD,ASSAD,2024-08-22,0.64,896827,0.0491803278688525,4.105769343013045,2.452847486887676,True,False,False,UNEXPLAINED,,,,
ASSAD,ASSAD,2025-01-29,0.71,85973,0.109375,2.065865669128812,5.248552943169738,False,True,False,EXPLAINED,La société ASSAD réalise un chiffre d'affaires de 100 millions de dinars en 2024,2025-01-27,-2.0,earnings_results
ASSAD,ASSAD,2025-02-14,0.83,137471,0.1216216216216214,2.3299649091239414,4.884982901253602,False,True,False,EXPLAINED,ASSAD en quête d'un partenaire institutionnel pour augmenter le capital de sa filiale algérienne,2025-02-17,3.0,other_news
ASSAD,ASSAD,2025-02-21,0.93,332016,0.1204819277108435,2.9042025247091625,4.0221283451097225,False,True,False,EXPLAINED,ASSAD en quête d'un partenaire institutionnel pour augmenter le capital de sa filiale algérienne,2025-02-17,-4.0,other_news
ASSAD,ASSAD,2025-04-04,1.79,233663,0.226027397260274,1.841856612788108,5.186036361586098,False,True,False,UNEXPLAINED,,,,
ASSAD,ASSAD,2025-04-16,2.4,292946,0.1828486939379003,1.8292923205196536,3.177482535624338,False,True,False,EXPLAINED,ASSAD a plus que doublé ses ventes sur le marché local au premier trimestre 2025,2025-04-17,1.0,other_news
ASSAD,ASSAD,2025-11-17,2.63,78589,0.0867768595041322,1.702989848272179,3.8473931927833984,False,True,False,UNEXPLAINED,,,,
ASSAD,ASSAD,2025-11-20,2.86,158514,0.0874524714828897,2.169507999687572,3.414956770642396,False,True,False,UNEXPLAINED,,,,
ASSAD,ASSAD,2025-11-26,3.37,152900,0.1308724832214765,2.0336720056379995,4.576271896983656,False,True,False,UNEXPLAINED,,,,
ASSAD,ASSAD,2025-12-19,3.22,69481,-0.127371273712737,1.1179624525532308,-3.7781973867515055,False,True,False,UNEXPLAINED,,,,
ASSMA,ASSURANCES MAGHREBIA,2021-07-29,64.95,1597,0.0475806451612903,1.060610826178194,4.8994189679491,False,True,False,EXPLAINED,La compagnie Assurances MAGHREBIA augmente son chiffre d’affaires semestriel de 10%,2021-07-23,-6.0,earnings_results
ASSMA,ASSURANCES MAGHREBIA,2022-04-21,61.0,585,0.0535405872193437,0.3107122447875337,5.370590495306135,False,True,False,UNEXPLAINED,,,,
ASSMA,ASSURANCES MAGHREBIA,2022-04-26,59.0,2652,-0.0327868852459016,1.5453279848295458,-3.35420236590204,False,True,False,UNEXPLAINED,,,,
ASSMA,ASSURANCES MAGHREBIA,2022-09-06,56.5,3134,-0.0536013400335009,1.0125348794904512,-3.1948292299095256,False,True,False,EXPLAINED,Groupe Assurances MAGHREBIA dégage un bénéfice net semestriel de près de 20 millions de dinars,2022-09-05,-1.0,earnings_results
ASSMA,ASSURANCES MAGHREBIA,2022-11-22,51.34,3037,-0.0598791430140999,1.062575891075349,-3.456067586809636,False,True,False,UNEXPLAINED,,,,
ASSMA,ASSURANCES MAGHREBIA,2022-11-24,56.39,36,0.0983638488507985,-0.8014467200584037,5.3924584613940905,False,True,False,UNEXPLAINED,,,,
ASSMA,ASSURANCES MAGHREBIA,2025-03-06,50.64,185,-0.0445283018867924,0.8476499189991619,-3.5182149558640377,False,True,False,UNEXPLAINED,,,,
ASSMA,ASSURANCES MAGHREBIA,2025-05-21,50.49,5670,-0.0001980198019801,3.059917397165288,-0.0050973556560829,True,False,False,EXPLAINED,Assurances Maghrebia s'associe à My Easy Transfer au service des Tunisiens résidant à l'étranger,2025-05-20,-1.0,other_news
ASSMA,ASSURANCES MAGHREBIA,2025-05-22,50.49,7306,0.0,3.0215389793358383,0.0153025126965402,True,False,False,EXPLAINED,Assurances Maghrebia s'associe à My Easy Transfer au service des Tunisiens résidant à l'étranger,2025-05-20,-2.0,other_news
ASSMA,ASSURANCES MAGHREBIA,2025-06-25,51.98,100,0.0539334955393349,0.4214999196516867,3.343459237077586,False,True,False,EXPLAINED,Assurances Maghrebia et Maghrebia Vie tiendront une communication financière le 24 juin,2025-06-19,-6.0,other_news
ASSMA,ASSURANCES MAGHREBIA,2025-09-16,50.0,61072,0.0,3.007790413909206,0.0095517029390235,True,False,False,UNEXPLAINED,,,,
ASSMA,ASSURANCES MAGHREBIA,2025-12-15,54.4,100,-0.0439367311072056,-0.2371279534709028,-3.1940237992457594,False,True,False,UNEXPLAINED,,,,
ASSMA,ASSURANCES MAGHREBIA,2026-03-17,66.14,2839,0.0599358974358974,0.955323057477276,4.8067360629945535,False,True,False,EXPLAINED,"Assurances Maghrebia : Dividende de 2,900 dinars et attribution d'actions gratuites",2026-03-19,2.0,dividend
ASSMA,ASSURANCES MAGHREBIA,2026-03-18,70.0,3612,0.0583610523132749,1.0518335261133187,3.904382478056754,False,True,False,EXPLAINED,"Assurances Maghrebia : Dividende de 2,900 dinars et attribution d'actions gratuites",2026-03-19,1.0,dividend
ASSMA,ASSURANCES MAGHREBIA,2026-04-13,75.89,9,0.0525658807212205,-2.1015014007665065,3.0187204423957934,False,True,False,UNEXPLAINED,,,,
ASSMA,ASSURANCES MAGHREBIA,2026-05-12,84.16,266,0.0599496221662467,-0.1181050587996003,3.004751764961302,False,True,False,UNEXPLAINED,,,,
ASSMA,ASSURANCES MAGHREBIA,2026-06-17,71.0,102,-0.1637220259128387,-0.6871208332455109,-7.671322516762104,False,True,False,UNEXPLAINED,,,,
AST,ASTREE,2023-07-20,45.29,400,-0.0449177562210038,0.5138304477862545,-4.468345002011303,False,True,False,EXPLAINED,"ASTREE : Réalisation d'une transaction de bloc pour 1,4 million de dinars",2023-07-14,-6.0,other_news
AST,ASTREE,2023-08-21,45.0,2000,-0.0423494360502234,1.2685981833016275,-4.101105428217656,False,True,False,UNEXPLAINED,,,,
AST,ASTREE,2023-08-22,47.0,4,0.0444444444444445,-1.219778284523938,4.668387804334722,False,True,False,UNEXPLAINED,,,,
AST,ASTREE,2024-05-23,47.99,35413,,3.623995103572347,,True,False,False,EXPLAINED,ASTREE Assurances améliore de 32% ses bénéfices en 2023 à 22 millions de dinars,2024-05-24,1.0,earnings_results
AST,ASTREE,2024-05-30,50.0,10,0.0418837257762032,-0.596967835469425,3.7792927207644778,False,True,False,EXPLAINED,ASTREE Assurances améliore de 32% ses bénéfices en 2023 à 22 millions de dinars,2024-05-24,-6.0,earnings_results
AST,ASTREE,2024-07-02,47.7,351,-0.0459999999999999,1.0368287148259698,-3.671560113580712,False,True,False,UNEXPLAINED,,,,
AST,ASTREE,2024-07-08,45.6,107,-0.0440251572327043,0.4320437496423218,-3.0860781566046773,False,True,False,UNEXPLAINED,,,,
AST,ASTREE,2024-12-20,43.85,17082,0.0447939004050512,3.0037507307297795,2.899129556596053,True,False,False,UNEXPLAINED,,,,
AST,ASTREE,2025-01-14,48.0,34086,0.0,3.001405540121398,-0.0076558629293967,True,False,False,UNEXPLAINED,,,,
AST,ASTREE,2025-02-11,43.78,439,-0.0879166666666666,0.9004085916884901,-4.208835938517268,False,True,False,UNEXPLAINED,,,,
AST,ASTREE,2025-06-25,46.95,1,0.0918604651162791,-1.293527935953755,3.458203976983373,False,True,False,UNEXPLAINED,,,,
AST,ASTREE,2026-01-19,44.0,165,-0.0636305596935519,0.6666246280636633,-3.0792284494256057,False,True,False,UNEXPLAINED,,,,
AST,ASTREE,2026-05-05,62.0,711,-0.0854108275556867,1.4999976423599004,-3.4264949241199103,False,True,False,UNEXPLAINED,,,,
AST,ASTREE,2026-06-03,72.88,45,-0.1425882352941176,0.0591745749758103,-5.01096637503755,False,True,False,UNEXPLAINED,,,,
AST,ASTREE,2026-06-10,69.35,1160,-0.1276729559748428,1.899265276972144,-3.8184087385461543,False,True,False,UNEXPLAINED,,,,
ATB,ARAB TUNISIAN BANK,2021-09-17,2.28,23984,0.0363636363636361,1.3142990177819025,3.997000740993077,False,True,False,EXPLAINED,L’ATB sélectionnée par le projet SAWI pour renforcer sa diversité de genre,2021-09-20,3.0,other_news
ATB,ARAB TUNISIAN BANK,2021-09-22,2.43,16286,0.0384615384615385,1.0613283288243258,3.717246587766213,False,True,False,EXPLAINED,L’ATB sélectionnée par le projet SAWI pour renforcer sa diversité de genre,2021-09-20,-2.0,other_news
ATB,ARAB TUNISIAN BANK,2021-10-05,2.2,5879,-0.043478260869565,0.4710728058325025,-3.0874208060706403,False,True,False,UNEXPLAINED,,,,
ATB,ARAB TUNISIAN BANK,2022-03-21,2.09,32286,-0.0500000000000001,1.0916790110215835,-3.366987518099771,False,True,False,EXPLAINED,L'agence de notation PBR Rating octroie la note BBB (Tun) à l'Arab Tunisian Bank,2022-03-28,7.0,other_news
ATB,ARAB TUNISIAN BANK,2022-08-18,2.87,72320,0.0590405904059041,1.411757058949802,3.188209762838932,False,True,False,UNEXPLAINED,,,,
ATB,ARAB TUNISIAN BANK,2023-03-29,2.56,44379,0.0406504065040651,1.2088191723579624,3.678815857664989,False,True,False,EXPLAINED,Fitch Ratings relève à « stables » les perspectives de la note de l'ATB,2023-03-29,0.0,other_news
ATB,ARAB TUNISIAN BANK,2023-04-03,2.86,33132,0.0592592592592591,1.0121258858564135,4.592579837873874,False,True,False,EXPLAINED,L'Arab Tunisian Bank renoue avec les bénéfices en 2022,2023-04-05,2.0,earnings_results
ATB,ARAB TUNISIAN BANK,2023-08-24,3.39,46673,0.0462962962962962,1.3289917887528269,3.900832362800631,False,True,False,UNEXPLAINED,,,,
ATB,ARAB TUNISIAN BANK,2023-11-13,2.89,593,-0.0366666666666666,-0.5501431467831811,-3.307127747038892,False,True,False,UNEXPLAINED,,,,
ATB,ARAB TUNISIAN BANK,2024-03-19,2.6,21549,0.04,0.8525825277013606,3.754451668000549,False,True,False,EXPLAINED,L'ATB lance un appel à candidature pour la désignation d'un Administrateur Indépendant,2024-03-26,7.0,other_news
ATB,ARAB TUNISIAN BANK,2024-05-20,3.1,543730,0.0402684563758388,3.500468942760922,1.89844444359166,True,False,False,UNEXPLAINED,,,,
ATB,ARAB TUNISIAN BANK,2024-09-24,2.82,20901,-0.0568561872909699,1.01924173031274,-4.357674671832565,False,True,False,UNEXPLAINED,,,,
ATB,ARAB TUNISIAN BANK,2024-09-25,2.95,1196,0.046099290780142,-0.11307183795328,3.3753906706461474,False,True,False,UNEXPLAINED,,,,
ATB,ARAB TUNISIAN BANK,2024-10-24,2.9,22514,-0.0522875816993464,0.8027257003089764,-3.0384510955044397,False,True,False,EXPLAINED,"L'ATB, partenaire engagé du programme ADAPT pour le développement durable",2024-10-23,-1.0,other_news
ATB,ARAB TUNISIAN BANK,2025-01-27,2.91,26779,0.043010752688172,0.9391813860760988,4.010812422201063,False,True,False,EXPLAINED,L’ATB améliore de 10% son PNB en 2024 à plus de 390 millions de dinars,2025-01-21,-6.0,other_news
ATB,ARAB TUNISIAN BANK,2025-03-04,2.91,1267,-0.0521172638436481,-0.6756233545069202,-3.381536185768009,False,True,False,UNEXPLAINED,,,,
ATB,ARAB TUNISIAN BANK,2025-03-05,3.08,75667,0.0584192439862543,1.208156707222585,3.415877280200882,False,True,False,UNEXPLAINED,,,,
ATB,ARAB TUNISIAN BANK,2025-07-09,3.59,370572,0.0405797101449274,1.6571725145482408,3.875239314708523,False,True,False,EXPLAINED,L’ATB relance son offre « 100 Jours SAKAN » pour faciliter l’accès à la propriété,2025-07-09,0.0,other_news
ATB,ARAB TUNISIAN BANK,2025-09-08,3.35,72779,-0.0428571428571428,0.964987866673378,-3.524562153340791,False,True,False,EXPLAINED,Performance contrastée pour l’ATB au premier semestre 2025,2025-09-10,2.0,other_news
ATB,ARAB TUNISIAN BANK,2025-09-16,3.6,116911,0.0588235294117647,1.1520130883091264,4.241000849257141,False,True,False,EXPLAINED,"L'ATB lance la Carte PayLater : Achetez maintenant, Payez plus tard",2025-09-15,-1.0,other_news
ATB,ARAB TUNISIAN BANK,2026-03-12,3.74,30273,0.0388888888888889,0.8181335924412759,3.465160626100791,False,True,False,EXPLAINED,L’ATB et Visa lancent un grand jeu-concours : En route pour la Coupe du Monde de la FIFA 2026™,2026-03-13,1.0,other_news
ATB,ARAB TUNISIAN BANK,2026-03-19,3.55,28281,-0.0583554376657825,0.8025969283946873,-5.033072644592992,False,True,False,EXPLAINED,L’ATB et Visa lancent un grand jeu-concours : En route pour la Coupe du Monde de la FIFA 2026™,2026-03-13,-6.0,other_news
ATB,ARAB TUNISIAN BANK,2026-05-14,4.1,104218,0.056701030927835,1.3650362657214123,3.2238011504839528,False,True,False,EXPLAINED,L’ATB et VISA international célèbrent les heureux gagnants du grand jeu-concours Coupe du Monde de la FIFA 2026,2026-05-20,6.0,other_news
ATL,ARAB TUNISIAN LEASE,2021-09-17,1.7,21389,0.0493827160493827,1.371494181161262,3.2079924671850177,False,True,False,EXPLAINED,L'ATL Leasing multiplie par trois ses bénéfices au premier semestre,2021-09-15,-2.0,earnings_results
ATL,ARAB TUNISIAN LEASE,2021-09-20,1.81,83227,0.0647058823529411,1.8511050392435933,3.791501278601839,False,True,False,EXPLAINED,L'ATL Leasing multiplie par trois ses bénéfices au premier semestre,2021-09-15,-5.0,earnings_results
ATL,ARAB TUNISIAN LEASE,2022-04-29,2.26,15868,-0.0813008130081301,0.7274517770167144,-5.600480685526397,False,True,False,EXPLAINED,L'ATL Leasing améliore de 7% ses Mises en Force au premier trimestre à 69 millions de dinars,2022-04-25,-4.0,other_news
ATL,ARAB TUNISIAN LEASE,2022-08-09,2.24,5299,0.0566037735849056,0.4825433641654298,3.244473570971981,False,True,False,UNEXPLAINED,,,,
ATL,ARAB TUNISIAN LEASE,2022-12-07,2.75,9643,-0.0350877192982456,0.6387103225806662,-3.416373584004644,False,True,False,UNEXPLAINED,,,,
ATL,ARAB TUNISIAN LEASE,2023-06-15,3.8,502,-0.05,-0.9815451393270312,-4.092913135306709,False,True,False,UNEXPLAINED,,,,
ATL,ARAB TUNISIAN LEASE,2023-07-10,3.93,67259,0.0564516129032257,1.941524881764208,3.647905873098346,False,True,False,UNEXPLAINED,,,,
ATL,ARAB TUNISIAN LEASE,2024-06-20,3.7,1503,-0.0561224489795917,-0.0432226368338807,-5.652772403342642,False,True,False,UNEXPLAINED,,,,
ATL,ARAB TUNISIAN LEASE,2024-07-01,3.68,1504,0.0308123249299721,-0.0540348722043985,3.219453138410986,False,True,False,UNEXPLAINED,,,,
ATL,ARAB TUNISIAN LEASE,2024-07-22,3.79,15225,0.0469613259668508,1.417434156332252,4.540897675617362,False,True,False,EXPLAINED,ATL Leasing améliore de 10% son produit net de leasing au premier semestre,2024-07-19,-3.0,other_news
ATL,ARAB TUNISIAN LEASE,2024-10-01,4.05,34688,0.0384615384615385,2.304635716077746,3.0340627209377,False,True,False,UNEXPLAINED,,,,
ATL,ARAB TUNISIAN LEASE,2025-01-10,4.45,19746,0.0372960372960373,1.0934961738242108,3.609107394803381,False,True,False,EXPLAINED,ATL Leasing clôture l’année 2024 en croissance,2025-01-17,7.0,other_news
ATL,ARAB TUNISIAN LEASE,2025-01-23,4.67,147562,0.0589569160997731,2.118341355098765,5.1561528718499,False,True,False,EXPLAINED,ATL Leasing clôture l’année 2024 en croissance,2025-01-17,-6.0,other_news
ATL,ARAB TUNISIAN LEASE,2025-04-10,5.09,5513,0.0538302277432711,0.1094951491716265,3.0968486133154265,False,True,False,UNEXPLAINED,,,,
ATL,ARAB TUNISIAN LEASE,2025-09-17,6.28,15020,0.0484140233722871,0.8823099592765423,4.819941802760367,False,True,False,UNEXPLAINED,,,,
ATL,ARAB TUNISIAN LEASE,2025-09-29,6.11,1869,-0.0423197492163008,-0.1264024955970223,-4.059200556954405,False,True,False,UNEXPLAINED,,,,
ATL,ARAB TUNISIAN LEASE,2025-12-30,6.09,350550,0.0032948929159801,3.1163309899216523,0.4079972225418893,True,False,False,UNEXPLAINED,,,,
ATL,ARAB TUNISIAN LEASE,2026-01-16,6.4,52757,0.0339256865912762,1.8030383436742037,3.363244536997576,False,True,False,EXPLAINED,Les Mises en Force de l'ATL Leasing dépassent les 410 millions de dinars en 2025,2026-01-19,3.0,other_news
ATL,ARAB TUNISIAN LEASE,2026-01-20,6.65,15818,0.043956043956044,1.020660383046244,4.317549962488891,False,True,False,EXPLAINED,Bourse : L'action ATL Leasing à son plus haut historique,2026-01-20,0.0,other_news
ATL,ARAB TUNISIAN LEASE,2026-01-23,7.3,27316,0.0595065312046443,1.237845703411132,5.639675834735878,False,True,False,EXPLAINED,Bourse : L'action ATL Leasing à son plus haut historique,2026-01-20,-3.0,other_news
ATL,ARAB TUNISIAN LEASE,2026-01-26,7.63,11935,0.0452054794520548,0.7593549759784931,3.3466974690201523,False,True,False,EXPLAINED,Bourse : L'action ATL Leasing à son plus haut historique,2026-01-20,-6.0,other_news
ATL,ARAB TUNISIAN LEASE,2026-01-28,7.2,56811,-0.0551181102362204,1.5499274682828603,-4.386770513065084,False,True,False,UNEXPLAINED,,,,
ATL,ARAB TUNISIAN LEASE,2026-02-05,8.15,39066,0.0584415584415585,1.2394782838407417,3.343445625639193,False,True,False,UNEXPLAINED,,,,
ATL,ARAB TUNISIAN LEASE,2026-03-30,8.2,15015,-0.0574712643678161,0.5599811764004413,-3.102577174869886,False,True,False,EXPLAINED,Croissance à deux chiffres des bénéfices pour ATL Leasing en 2025,2026-04-06,7.0,earnings_results
BH,BH BANK,2021-11-23,9.51,601,0.0382096069868995,0.0779110483446387,3.657843626940517,False,True,False,EXPLAINED,One Tech Business Solution réussit un projet technologique de pointe chez la BH Bank,2021-11-29,6.0,other_news
BH,BH BANK,2021-11-30,9.05,145,-0.0423280423280422,-0.4403398617271969,-3.529375393259175,False,True,False,EXPLAINED,One Tech Business Solution réussit un projet technologique de pointe chez la BH Bank,2021-11-29,-1.0,other_news
BH,BH BANK,2021-12-01,9.44,10,0.0430939226519335,-1.6079504532230389,3.5161472907913334,False,True,False,EXPLAINED,One Tech Business Solution réussit un projet technologique de pointe chez la BH Bank,2021-11-29,-2.0,other_news
BH,BH BANK,2022-05-10,10.4,11111,-0.0545454545454545,1.2313803408726962,-3.330377067089888,False,True,False,UNEXPLAINED,,,,
BH,BH BANK,2022-06-16,10.9,2838,0.0770750988142294,0.4548840094374365,4.443662981235769,False,True,False,EXPLAINED,"BHMPAY, la toute nouvelle solution de paiement mobile de BH Bank",2022-06-21,5.0,other_news
BH,BH BANK,2022-11-01,15.37,17043,0.06,1.737417003250228,3.5299430183182694,False,True,False,EXPLAINED,Mehdi MEJDOUB nommé Président du Conseil d'administration de BH Bank par intérim,2022-10-31,-1.0,governance
BH,BH BANK,2022-11-04,15.03,86251,-0.0594493116395494,2.5154318758652403,-3.5616770870026064,False,True,False,EXPLAINED,Mehdi MEJDOUB nommé Président du Conseil d'administration de BH Bank par intérim,2022-10-31,-4.0,governance
BH,BH BANK,2023-03-29,13.2,9171,0.056,1.4751773074728425,3.564354263836237,False,True,False,UNEXPLAINED,,,,
BH,BH BANK,2023-03-31,13.99,8892,0.0598484848484848,1.4255131559525618,3.416671065127751,False,True,False,UNEXPLAINED,,,,
BH,BH BANK,2023-05-26,13.4,1002716,0.0,3.3449077869478057,0.0220200460085512,True,False,False,EXPLAINED,Représentant des petits porteurs: BH Bank reporte la date limite de dépôt des candidatures,2023-05-23,-3.0,other_news
BH,BH BANK,2023-09-12,12.5,1,0.0416666666666667,-2.068134365471333,3.477664966884954,False,True,False,EXPLAINED,BH Bank dévoile la nouvelle composition de son Conseil d'Administration,2023-09-07,-5.0,governance
BH,BH BANK,2023-09-21,11.61,20,-0.0452302631578948,-0.944935061470231,-3.1300896031701506,False,True,False,UNEXPLAINED,,,,
BH,BH BANK,2023-09-28,10.73,529,-0.0587719298245613,0.2858704366116423,-3.698998233925784,False,True,False,UNEXPLAINED,,,,
BH,BH BANK,2023-10-03,10.65,545,-0.0575221238938052,0.3760556348831239,-3.0737069215432102,False,True,False,UNEXPLAINED,,,,
BH,BH BANK,2023-11-08,10.9,4489,0.0582524271844659,1.197672536475316,3.491899029643366,False,True,False,UNEXPLAINED,,,,
BH,BH BANK,2024-05-10,13.07,296,-0.0763250883392225,-0.2896370963144509,-3.807660185208292,False,True,False,UNEXPLAINED,,,,
BH,BH BANK,2024-10-16,12.44,6192,-0.0430769230769231,0.8259273388108613,-3.2647337495583746,False,True,False,EXPLAINED,Lotfi BEN HAMMOUDA nommé Directeur Général par intérim de la BH Bank,2024-10-16,0.0,other_news
BH,BH BANK,2024-11-25,12.68,1346,0.0462046204620463,0.4415056946690555,3.865487987626474,False,True,False,UNEXPLAINED,,,,
BH,BH BANK,2025-01-29,13.49,3604,0.0392912172573189,1.2994692512929673,3.051674003862967,False,True,False,UNEXPLAINED,,,,
BH,BH BANK,2025-02-25,12.82,5123,-0.051775147928994,1.341618665831043,-4.20672533811289,False,True,False,EXPLAINED,BH Bank lève 70 millions de dinars sur le marché obligataire,2025-02-20,-5.0,other_news
BH,BH BANK,2025-03-11,12.88,60,-0.045218680504077,-1.007082706840816,-3.5089628410062006,False,True,False,UNEXPLAINED,,,,
BH,BH BANK,2025-04-10,11.9,6422,-0.0479999999999999,1.1568716172627556,-3.399406478968533,False,True,False,EXPLAINED,BH Bank réalise un bénéfice net de 108 millions de dinars en 2024,2025-04-08,-2.0,earnings_results
BH,BH BANK,2025-04-15,11.77,8282,0.0480854853072127,1.208678310325228,3.052468599921991,False,True,False,EXPLAINED,BH Bank : L'homme d'affaires Adel Ben Romdhane laisse une ardoise de 450 millions de dinars,2025-04-17,2.0,other_news
BH,BH BANK,2025-04-18,10.5,10658,-0.0591397849462366,1.256634475711274,-3.173471615901719,False,True,False,EXPLAINED,BH Bank : L'homme d'affaires Adel Ben Romdhane laisse une ardoise de 450 millions de dinars,2025-04-17,-1.0,other_news
BH,BH BANK,2025-07-08,9.85,1750,0.0591397849462365,0.2377208659587186,3.508936237340293,False,True,False,UNEXPLAINED,,,,
BH,BH BANK,2025-10-16,9.77,2009,0.0505376344086019,1.2795022525370374,3.302826904512591,False,True,False,EXPLAINED,L'intermédiaire en Bourse BH INVEST célèbre son 30ème anniversaire,2025-10-17,1.0,other_news
BH,BH BANK,2025-11-05,9.39,367188,0.0,4.424901886950483,0.0019142379062059,True,False,False,EXPLAINED,BH Bank réussit la mise en production de la migration ISO 20022,2025-11-05,0.0,other_news
BH,BH BANK,2025-11-12,10.19,2608,0.0472764645426515,1.187574452836455,3.195075985347596,False,True,False,EXPLAINED,BH Bank réussit la mise en production de la migration ISO 20022,2025-11-05,-7.0,other_news
BH,BH BANK,2025-11-13,10.8,800,0.0598626104023554,0.553895573791924,3.868766395342778,False,True,False,UNEXPLAINED,,,,
BH,BH BANK,2025-12-02,10.55,2840,0.0550000000000001,1.0595422154366465,3.0259811888381067,False,True,False,UNEXPLAINED,,,,
BH,BH BANK,2026-05-13,10.8,6241,0.0588235294117649,1.2984468954072028,4.485129002833512,False,True,False,EXPLAINED,Présence renforcée de la BH BANK au Salon de l'immobilier et des services bancaires au Qatar,2026-05-12,-1.0,other_news
BH,BH BANK,2026-05-19,11.95,9562,0.0575221238938052,1.388191931592564,3.982866311909274,False,True,False,EXPLAINED,Présence renforcée de la BH BANK au Salon de l'immobilier et des services bancaires au Qatar,2026-05-12,-7.0,other_news
BH,BH BANK,2026-05-29,13.75,6580,0.0576923076923077,1.1167962583744109,3.072446175321553,False,True,False,UNEXPLAINED,,,,
BHASS,BH ASSURANCE,2023-11-30,48.76,39000,0.000205128205128,4.947809422925654,,True,False,False,UNEXPLAINED,,,,
BHASS,BH ASSURANCE,2025-04-22,60.65,1623,-0.0448818897637796,2.1634569133203616,-4.580804834972976,False,True,False,EXPLAINED,BH Assurance voit son chiffre d'affaires progresser de 15% au premier trimestre,2025-04-18,-4.0,earnings_results
BHASS,BH ASSURANCE,2025-05-14,62.09,69,-0.0447692307692306,0.3031943625657546,-4.378034145705003,False,True,False,UNEXPLAINED,,,,
BHASS,BH ASSURANCE,2025-08-29,63.03,5,-0.0449999999999999,-0.9719159333130718,-3.517634195645514,False,True,False,EXPLAINED,Une activité en progression pour BH Assurance au premier semestre 2025,2025-09-05,7.0,other_news
BHASS,BH ASSURANCE,2025-09-16,65.8,40,0.0439473266698398,0.0999185616679293,3.3403518499197418,False,True,False,UNEXPLAINED,,,,
BHASS,BH ASSURANCE,2025-12-24,62.99,13000,,3.328470136548684,,True,False,False,UNEXPLAINED,,,,
BHASS,BH ASSURANCE,2025-12-25,63.0,13192,0.0001587553579933,3.013070406895674,0.2261044476534881,True,False,False,UNEXPLAINED,,,,
BHASS,BH ASSURANCE,2026-04-23,65.5,151000,,3.942268319183546,,True,False,False,UNEXPLAINED,,,,
BHASS,BH ASSURANCE,2026-05-20,60.0,2,-0.0977443609022556,-1.1780418376478743,-4.9405850057637375,False,True,False,UNEXPLAINED,,,,
BHASS,BH ASSURANCE,2026-05-29,54.73,86,-0.0878333333333334,0.3051717285684542,-3.2110339932486403,False,True,False,UNEXPLAINED,,,,
BHL,BH LEASING,2022-03-31,1.83,175,-0.1201923076923077,-0.0900120245993626,-4.545173481407263,False,True,False,EXPLAINED,BH Leasing renoue avec les bénéfices en 2021,2022-03-31,0.0,earnings_results
BHL,BH LEASING,2022-04-01,2.0,1475,0.0928961748633878,0.9945460090369482,3.0046145460209126,False,True,False,EXPLAINED,BH Leasing renoue avec les bénéfices en 2021,2022-03-31,-1.0,earnings_results
BHL,BH LEASING,2022-11-23,2.15,6460,-0.1260162601626017,1.3858854110534204,-4.495483755071631,False,True,False,UNEXPLAINED,,,,
BHL,BH LEASING,2023-10-05,3.26,1796,0.1202749140893468,0.8811458809367794,4.101294109409561,False,True,False,UNEXPLAINED,,,,
BHL,BH LEASING,2025-12-19,3.79,51877,0.0,3.256409327527051,0.0849846672280305,True,False,False,UNEXPLAINED,,,,
BHL,BH LEASING,2026-03-31,3.62,120,-0.1127450980392157,-0.1031463862308554,-3.73529164912107,False,True,False,UNEXPLAINED,,,,
BIAT,BIAT,2021-09-28,62.0,9027,-0.03125,1.5734583734841914,-3.1661425984035776,False,True,False,UNEXPLAINED,,,,
BIAT,BIAT,2021-10-20,57.53,4485,-0.0332717190388169,0.9444058052255592,-3.2487902345051096,False,True,False,EXPLAINED,La BIAT annonce un PNB de 742 millions de dinars à fin septembre,2021-10-21,1.0,other_news
BIAT,BIAT,2021-10-22,55.0,5657,-0.0350877192982456,1.0601639284288389,-3.359583087485949,False,True,False,EXPLAINED,La BIAT annonce un PNB de 742 millions de dinars à fin septembre,2021-10-21,-1.0,other_news
BIAT,BIAT,2022-05-09,64.6,3058,-0.0731707317073171,0.5480667903581645,-7.367540564339674,False,True,False,EXPLAINED,La BIAT lève avec succès 200 millions de dinars sur le marché obligataire,2022-05-11,2.0,other_news
BIAT,BIAT,2022-09-07,79.5,9049,0.0405759162303664,1.5611164305273673,3.8870922775154457,False,True,False,EXPLAINED,La BIAT conserve une trajectoire de croissance rentable au premier semestre,2022-09-02,-5.0,other_news
BIAT,BIAT,2023-03-17,88.5,656947,-0.0274725274725274,6.009462504713448,-2.639191610881014,True,False,False,EXPLAINED,Moez HADJ SLIMEN nommé nouveau Directeur Général de la BIAT,2023-03-21,4.0,other_news
BIAT,BIAT,2023-05-15,90.8,3586,-0.0541666666666666,0.1818047407650915,-5.00839785190672,False,True,False,EXPLAINED,"La BIAT gâte ses actionnaires et augmente son dividende à 5,800 dinars par action",2023-05-10,-5.0,dividend
BIAT,BIAT,2023-08-25,90.0,2088,-0.0424513246090009,0.2090579561359661,-4.281862315476896,False,True,False,EXPLAINED,La BIAT annonce un bénéfice net de 222 millions de dinars au premier semestre,2023-09-01,7.0,earnings_results
BIAT,BIAT,2023-08-28,92.99,1336,0.0332222222222222,-0.1216774351036573,3.3633097927183946,False,True,False,EXPLAINED,La BIAT annonce un bénéfice net de 222 millions de dinars au premier semestre,2023-09-01,4.0,earnings_results
BIAT,BIAT,2023-09-21,90.0,5309,-0.0321539950532314,0.7876115326911858,-3.2198912486276665,False,True,False,UNEXPLAINED,,,,
BIAT,BIAT,2024-05-13,90.25,3105,-0.0579331941544885,0.7045300928757859,-5.88113008691511,False,True,False,EXPLAINED,La compagnie Assurances BIAT dégage un bénéfice de plus de 18 millions de dinars en 2023,2024-05-13,0.0,earnings_results
BIAT,BIAT,2024-06-06,100.7,34537,0.0223350253807106,3.0987537793780286,2.020901332321958,True,False,False,UNEXPLAINED,,,,
BIAT,BIAT,2024-08-02,100.4,116540,-0.0044620723847297,3.0506337159995685,-0.4029863356667816,True,False,False,UNEXPLAINED,,,,
BIAT,BIAT,2024-08-20,99.99,189427,0.0044198895027625,3.181957890715547,0.3177095707498126,True,False,False,UNEXPLAINED,,,,
BIAT,BIAT,2024-09-26,106.1,27559,0.0423420768248352,2.148596871014463,4.200957567039041,False,True,False,EXPLAINED,La BIAT propose d'augmenter son capital de 25 millions de dinars,2024-09-25,-1.0,other_news
BIAT,BIAT,2024-11-29,94.12,4077,-0.1036190476190476,0.4654783670875786,-10.44710951787778,False,True,False,EXPLAINED,BIAT : Augmentation de capital annoncée,2024-11-27,-2.0,capital_increase
BIAT,BIAT,2025-05-12,97.3,7215,-0.0594490091831803,1.8143505408846237,-6.064284111100266,False,True,False,UNEXPLAINED,,,,
BIAT,BIAT,2025-06-11,93.49,40199,-0.0062712585034013,4.5898795670633294,-0.4473335840629371,True,False,False,UNEXPLAINED,,,,
BIAT,BIAT,2025-06-19,92.99,1230,0.0309312638580929,-0.6606089186096356,3.170657837211601,False,True,False,UNEXPLAINED,,,,
BIAT,BIAT,2026-01-14,117.2,4324,0.0428901939846948,0.4855029697785283,4.109566434563831,False,True,False,UNEXPLAINED,,,,
BIAT,BIAT,2026-01-15,121.19,6983,0.0340443686006826,0.8777083685894131,3.1526759731185474,False,True,False,UNEXPLAINED,,,,
BIAT,BIAT,2026-01-27,134.0,8028,0.047693510555121,0.8450062729021715,4.091421851863112,False,True,False,EXPLAINED,La BIAT atteint un pic historique en Bourse à 134 dinars l'action,2026-01-27,0.0,other_news
BIAT,BIAT,2026-05-21,147.99,7407,-0.0452258064516128,1.5303221897937629,-3.8928755449748778,False,True,False,UNEXPLAINED,,,,
BL,BEST LEASE,2023-06-20,2.26,843810,0.0044444444444442,3.098681085735534,-0.1903787272155649,True,False,False,UNEXPLAINED,,,,
BL,BEST LEASE,2023-08-04,1.83,500,-0.1605504587155963,0.5361443829170393,-5.327556229914599,False,True,False,UNEXPLAINED,,,,
BL,BEST LEASE,2023-08-15,2.16,4,0.2342857142857144,-1.158979796475198,6.409880985748371,False,True,False,UNEXPLAINED,,,,
BL,BEST LEASE,2024-06-21,2.15,1337626,-0.0227272727272728,3.756095649805548,-0.4232470787331105,True,False,False,UNEXPLAINED,,,,
BL,BEST LEASE,2025-04-21,2.35,348,0.0585585585585584,-0.1221482362458052,3.295463023354249,False,True,False,UNEXPLAINED,,,,
BL,BEST LEASE,2025-06-24,2.19,29874,-0.0641025641025641,1.4495350922724657,-3.5891695929353418,False,True,False,UNEXPLAINED,,,,
BL,BEST LEASE,2025-09-30,2.1,20,0.1052631578947369,-1.500243435389643,4.914140727601294,False,True,False,UNEXPLAINED,,,,
BL,BEST LEASE,2025-10-22,2.1,251,-0.0748898678414096,-0.184794537901154,-3.046772510990178,False,True,False,UNEXPLAINED,,,,
BL,BEST LEASE,2025-10-28,2.2,12205188,0.0,5.244311035303976,-0.0897262984023262,True,False,False,UNEXPLAINED,,,,
BNA,BANQUE NATIONALE AGRICOLE,2021-09-29,7.73,62833,0.0589041095890412,1.5433368642453102,4.948075326189652,False,True,False,UNEXPLAINED,,,,
BNA,BANQUE NATIONALE AGRICOLE,2021-11-09,7.57,32589,0.03840877914952,1.1658073482321587,3.019256683260623,False,True,False,UNEXPLAINED,,,,
BNA,BANQUE NATIONALE AGRICOLE,2022-04-05,8.7,20149,0.0357142857142855,1.3987454406271205,3.552003195945224,False,True,False,UNEXPLAINED,,,,
BNA,BANQUE NATIONALE AGRICOLE,2022-05-23,8.37,4126,-0.0872410032715377,-0.3466068584823299,-7.348469162803369,False,True,False,EXPLAINED,La BNA Bank participe à la 5ème édition de la Conférence internationale FITA 2022,2022-05-24,1.0,other_news
BNA,BANQUE NATIONALE AGRICOLE,2022-07-26,8.33,209323,-0.0083333333333334,3.133503814894916,-0.5308391641471966,True,False,False,EXPLAINED,La BNA Bank dégage un PNB de 450 millions de dinars au premier semestre,2022-07-21,-5.0,other_news
BNA,BANQUE NATIONALE AGRICOLE,2022-10-17,8.2,382450,-0.0120481927710844,3.237231105724432,-1.2054052393514108,True,False,False,EXPLAINED,BNA Bank lève 150 millions de dinars sur le marché obligataire,2022-10-18,1.0,other_news
BNA,BANQUE NATIONALE AGRICOLE,2022-11-18,8.78,65482,0.0317273795534664,1.1315279544836243,3.2054340854348418,False,True,False,UNEXPLAINED,,,,
BNA,BANQUE NATIONALE AGRICOLE,2022-11-21,9.05,57927,0.0307517084282462,0.9901846293133292,3.042042302133727,False,True,False,UNEXPLAINED,,,,
BNA,BANQUE NATIONALE AGRICOLE,2023-05-12,7.89,85852,-0.0595947556615018,2.283980289695911,-5.620637907858627,False,True,False,EXPLAINED,La BNA Bank annonce un bénéfice de près de 160 millions de dinars en 2022,2023-05-12,0.0,earnings_results
BNA,BANQUE NATIONALE AGRICOLE,2023-05-29,8.41,22380,0.0591939546599495,1.0534084570974165,4.890488159276583,False,True,False,EXPLAINED,"BNA Bank décide de distribuer un dividende de 0,800 dinar par action",2023-05-29,0.0,dividend
BNA,BANQUE NATIONALE AGRICOLE,2023-07-12,7.85,4647,-0.0818713450292398,-0.8125921470809486,-5.639070790894162,False,True,False,UNEXPLAINED,,,,
BNA,BANQUE NATIONALE AGRICOLE,2023-09-08,7.67,5234,0.0378890392422193,-0.7484233789157712,3.167585649273577,False,True,False,UNEXPLAINED,,,,
BNA,BANQUE NATIONALE AGRICOLE,2023-10-23,7.48,5169,0.0461538461538462,-0.170634502707465,4.753617242008057,False,True,False,EXPLAINED,BNA Bank augmente de 7% son PNB à fin septembre à 738 millions de dinars,2023-10-19,-4.0,other_news
BNA,BANQUE NATIONALE AGRICOLE,2023-11-08,7.4,14207,0.034965034965035,0.7789648186379841,3.053321599840896,False,True,False,UNEXPLAINED,,,,
BNA,BANQUE NATIONALE AGRICOLE,2023-11-21,7.89,84434,0.0548128342245988,2.2252103095002247,4.3043906201862745,False,True,False,UNEXPLAINED,,,,
BNA,BANQUE NATIONALE AGRICOLE,2024-04-04,8.08,14540,0.0493506493506492,1.0092954316213838,3.1248501115639877,False,True,False,UNEXPLAINED,,,,
BNA,BANQUE NATIONALE AGRICOLE,2024-04-17,8.78,11944,0.0591073582629675,0.6661885301762566,3.265244242024754,False,True,False,EXPLAINED,"La BNA Bank propose un dividende de 0,900 dinar par action au titre de 2023",2024-04-17,0.0,dividend
BNA,BANQUE NATIONALE AGRICOLE,2024-07-02,8.07,8111,-0.1023359288097885,-0.0781524237731165,-7.147770494293067,False,True,False,UNEXPLAINED,,,,
BNA,BANQUE NATIONALE AGRICOLE,2024-12-04,8.189,53875,0.0365822784810125,1.5795458813428482,3.648652266918392,False,True,False,UNEXPLAINED,,,,
BNA,BANQUE NATIONALE AGRICOLE,2025-02-21,8.9,126706,0.0397196261682242,2.1425496737164558,3.666384650827669,False,True,False,UNEXPLAINED,,,,
BNA,BANQUE NATIONALE AGRICOLE,2025-04-30,9.3,19138,0.0449438202247192,0.2585122974247701,3.8122258160650895,False,True,False,UNEXPLAINED,,,,
BNA,BANQUE NATIONALE AGRICOLE,2025-06-17,8.16,3610,-0.111111111111111,-1.2589919265815783,-11.059715474748966,False,True,False,UNEXPLAINED,,,,
BNA,BANQUE NATIONALE AGRICOLE,2026-01-20,12.43,47945,0.0315352697095434,1.1211654239916158,3.066209869083219,False,True,False,EXPLAINED,Un PNB de plus d'un milliard de dinars pour la BNA Bank en 2025,2026-01-26,6.0,other_news
BNA,BANQUE NATIONALE AGRICOLE,2026-01-27,13.51,43283,0.0596078431372548,0.9256137135338036,5.805257332424359,False,True,False,EXPLAINED,BNA Bank : Une envolée boursière de près de 60 % portée par des fondamentaux solides,2026-01-27,0.0,other_news
BNA,BANQUE NATIONALE AGRICOLE,2026-02-24,14.1,50639,0.0593538692712245,0.8104666425629533,4.3463069721145535,False,True,False,UNEXPLAINED,,,,
BNA,BANQUE NATIONALE AGRICOLE,2026-05-11,16.38,417713,0.011111111111111,3.240588252650824,0.5155714585440786,True,False,False,UNEXPLAINED,,,,
BNA,BANQUE NATIONALE AGRICOLE,2026-06-02,19.75,63454,0.0595493562231759,0.7044285882208334,3.5843020639559136,False,True,False,UNEXPLAINED,,,,
BNA,BANQUE NATIONALE AGRICOLE,2026-06-15,18.9,38863,-0.046417759838547,-0.0730446610979126,-3.068153585180685,False,True,False,UNEXPLAINED,,,,
BNASS,BNA ASSURANCES,2026-03-25,3.42,121630,0.0588235294117647,3.1888365547799307,3.60693922541328,True,True,True,UNEXPLAINED,,,,
BNASS,BNA ASSURANCES,2026-05-18,3.59,77854,0.0589970501474925,1.93001122568064,3.1742904543411736,False,True,False,EXPLAINED,Une année 2025 historique pour BNA Assurances sous le signe de la transformation et de la croissance,2026-05-12,-6.0,other_news
BNASS,BNA ASSURANCES,2026-05-20,3.92,264409,0.0315789473684211,3.143120619158744,1.3363791359562758,True,False,False,UNEXPLAINED,,,,
BT,BANQUE DE TUNISIE,2021-10-20,5.58,90308,-0.0329289428076255,2.1982359928946384,-3.151749909711726,False,True,False,EXPLAINED,La Banque de Tunisie annonce un PNB de plus de 270 millions de dinars à fin septembre,2021-10-21,1.0,other_news
BT,BANQUE DE TUNISIE,2022-05-10,5.05,12566,-0.185483870967742,-0.2772192346623902,-18.597976259211645,False,True,False,EXPLAINED,"Banque de Tunisie, une référence en matière de productivité et de rigueur",2022-05-10,0.0,other_news
BT,BANQUE DE TUNISIE,2022-08-29,5.3,48176,0.0515873015873016,1.5504449453300804,5.116984270713272,False,True,False,EXPLAINED,La Banque de Tunisie améliore de 44% son bénéfice net semestriel à 65 millions de dinars,2022-08-31,2.0,earnings_results
BT,BANQUE DE TUNISIE,2022-08-31,5.58,26215,0.0429906542056075,0.98635854109802,4.1488423583740985,False,True,False,EXPLAINED,La Banque de Tunisie améliore de 44% son bénéfice net semestriel à 65 millions de dinars,2022-08-31,0.0,earnings_results
BT,BANQUE DE TUNISIE,2022-09-26,5.6,50591,0.0370370370370369,1.6732560438661692,3.2814940945978206,False,True,False,EXPLAINED,"BTNET BUSINESS PLUS, la nouvelle solution 100% digitale de la BT dédiée aux entreprises",2022-09-27,1.0,other_news
BT,BANQUE DE TUNISIE,2023-05-04,5.22,1268795,0.005780346820809,4.534134552310706,0.5728478825415254,True,False,False,EXPLAINED,Assemblée annuelle de la Banque de Tunisie : Une banque solide qui voit grand,2023-05-05,1.0,other_news
BT,BANQUE DE TUNISIE,2023-05-09,5.04,28707,-0.0381679389312977,0.6376101233544569,-3.8414818856170743,False,True,False,EXPLAINED,Assemblée annuelle de la Banque de Tunisie : Une banque solide qui voit grand,2023-05-05,-4.0,other_news
BT,BANQUE DE TUNISIE,2024-05-07,5.06,4502,-0.0452830188679245,-1.0184567190212497,-4.540528429000737,False,True,False,UNEXPLAINED,,,,
BT,BANQUE DE TUNISIE,2025-05-07,5.09,16313,-0.046816479400749,0.1301762994437685,-4.787630606302939,False,True,False,EXPLAINED,Tunisie Valeurs recommande le titre Banque de Tunisie à l'achat,2025-05-06,-1.0,other_news
BT,BANQUE DE TUNISIE,2025-11-13,6.36,47341,0.06,0.9081210735419276,5.789823578476052,False,True,False,EXPLAINED,La Banque de Tunisie cède 20.000 actions Air Liquide Tunisie pour 3 millions de dinars,2025-11-17,4.0,other_news
BT,BANQUE DE TUNISIE,2025-11-14,6.6,312841,0.0377358490566037,1.837956966217078,3.147350438780848,False,True,False,EXPLAINED,La Banque de Tunisie cède 20.000 actions Air Liquide Tunisie pour 3 millions de dinars,2025-11-17,3.0,other_news
BT,BANQUE DE TUNISIE,2026-03-25,7.2,130310,-0.0588235294117647,1.1509802416094514,-4.098228160471463,False,True,False,EXPLAINED,Le Groupe Banque de Tunisie franchit le cap des 200 millions de dinars de bénéfice en 2025,2026-03-24,-1.0,earnings_results
BT,BANQUE DE TUNISIE,2026-05-18,7.48,146818,0.0594900849858357,1.4261761436817435,3.763091570036222,False,True,False,UNEXPLAINED,,,,
BTE,BTE (ADP),2021-11-23,7.74,265,0.0794979079497908,0.9734172169898282,3.0206136946015167,False,True,False,UNEXPLAINED,,,,
BTE,BTE (ADP),2022-04-04,6.41,466,-0.0842857142857143,1.2935317611024573,-3.1411033126420973,False,True,False,UNEXPLAINED,,,,
BTE,BTE (ADP),2023-06-13,4.73,696,-0.0868725868725867,0.7682261954207399,-3.6922709220779,False,True,False,UNEXPLAINED,,,,
BTE,BTE (ADP),2023-11-01,4.53,4,-0.0848484848484848,-1.782251567649907,-4.060100220729218,False,True,False,UNEXPLAINED,,,,
BTE,BTE (ADP),2023-11-17,4.13,421,-0.0862831858407079,0.7377412449183922,-3.699342856711572,False,True,False,EXPLAINED,La Banque de Tunisie et des Emirats se mobilise pour soutenir le peuple Palestinien,2023-11-15,-2.0,other_news
BTE,BTE (ADP),2024-04-23,3.81,103,0.0885714285714285,0.2049614197905428,3.0065437709016107,False,True,False,EXPLAINED,La BTE annonce un PNB de 15 millions de dinars au premier trimestre,2024-04-23,0.0,other_news
BTE,BTE (ADP),2024-10-18,4.0,1,0.1363636363636364,-2.3871423547021458,4.226831582812152,False,True,False,EXPLAINED,La BTE et la STA lancent une offre exceptionnelle,2024-10-16,-2.0,other_news
BTE,BTE (ADP),2024-11-01,3.52,9,-0.111111111111111,-1.394064815583731,-3.13029993102729,False,True,False,EXPLAINED,La BTE et son partenaire Every GHS renforcent leur engagement écologique au Salon SIAT,2024-11-01,0.0,other_news
BTE,BTE (ADP),2025-04-14,6.6,704,0.1018363939899831,0.6293799179993077,3.2779339411866824,False,True,False,EXPLAINED,"La BTE, partenaire officiel de la ''UAE President Cup'' pour la 2ᵉ année consécutive",2025-04-21,7.0,other_news
BTE,BTE (ADP),2025-04-22,6.01,15,-0.0866261398176292,-1.6047987061357605,-3.272777515258269,False,True,False,EXPLAINED,"La BTE, partenaire officiel de la ''UAE President Cup'' pour la 2ᵉ année consécutive",2025-04-21,-1.0,other_news
BTE,BTE (ADP),2025-08-14,4.31,37,0.1372031662269128,-0.663309350798317,4.224525078775989,False,True,False,UNEXPLAINED,,,,
BTE,BTE (ADP),2025-12-26,3.54,113933,-0.0432432432432432,3.2716130281057687,-1.0245259621475036,True,False,False,EXPLAINED,La startup PayDay et la BTE lancent une nouvelle dynamique bancaire à fort impact RSE,2025-12-30,4.0,other_news
BTE,BTE (ADP),2026-02-24,5.24,5464,0.1317494600431965,1.4484673166230948,3.2930196656055117,False,True,False,UNEXPLAINED,,,,
CC,CARTHAGE CEMENT,2021-12-13,1.32,691957,-0.0222222222222222,3.008769016742381,-1.801175115811798,True,False,False,UNEXPLAINED,,,,
CC,CARTHAGE CEMENT,2022-05-23,1.33,351970,0.0310077519379845,2.212268711380033,3.2357076253014863,False,True,False,UNEXPLAINED,,,,
CC,CARTHAGE CEMENT,2022-06-30,1.44,97595,0.0434782608695651,1.2582760431185602,3.3986658422426834,False,True,False,EXPLAINED,L'horizon semble s'éclaircir pour Carthage Cement,2022-07-01,1.0,other_news
CC,CARTHAGE CEMENT,2022-07-04,1.53,264802,0.0551724137931035,1.9733997967708168,3.950267678587411,False,True,False,EXPLAINED,L'horizon semble s'éclaircir pour Carthage Cement,2022-07-01,-3.0,other_news
CC,CARTHAGE CEMENT,2022-07-12,1.54,357109,-0.0552147239263802,1.812747663681116,-3.5060521957690005,False,True,False,UNEXPLAINED,,,,
CC,CARTHAGE CEMENT,2023-06-15,1.86,1891601,0.0333333333333334,3.624479783001555,2.7844710377804724,True,False,False,EXPLAINED,Carthage Cement bénéficiaire pour la troisième année consécutive,2023-06-14,-1.0,other_news
CC,CARTHAGE CEMENT,2023-07-20,2.02,7436920,0.0,3.8058874553860873,-0.2653256811801028,True,False,False,EXPLAINED,Carthage Cement améliore de 24% ses revenus au premier semestre à 208 millions de dinars,2023-07-14,-6.0,earnings_results
CC,CARTHAGE CEMENT,2023-10-19,2.05,88676,-0.0375586854460093,0.4611132059645253,-3.5910906321355456,False,True,False,EXPLAINED,Carthage Cement annonce un chiffre d’affaires de 322 millions de dinars à fin septembre,2023-10-17,-2.0,earnings_results
CC,CARTHAGE CEMENT,2024-05-03,1.92,178485,0.0378378378378376,1.9763407038611165,3.963489554577473,False,True,False,UNEXPLAINED,,,,
CC,CARTHAGE CEMENT,2024-05-24,1.95,556760,0.0427807486631015,3.064850665537097,4.165141837002016,True,True,True,EXPLAINED,Carthage Cement annonce un bénéfice historique de 55 millions de dinars en 2023,2024-05-23,-1.0,earnings_results
CC,CARTHAGE CEMENT,2024-10-29,2.12,2257699,0.06,4.3408719533101126,5.962037122182047,True,True,True,EXPLAINED,Carthage Cement affiche des revenus de 325 millions de dinars à fin septembre,2024-10-22,-7.0,earnings_results
CC,CARTHAGE CEMENT,2024-10-30,2.24,3343436,0.0566037735849056,4.068949982450493,4.560295696677168,True,True,True,UNEXPLAINED,,,,
CC,CARTHAGE CEMENT,2025-04-16,2.17,156347,0.0382775119617224,0.8954742228165463,3.991170259160332,False,True,False,EXPLAINED,Carthage Cement dégage un bénéfice record de 70 millions de dinars en 2024,2025-04-22,6.0,earnings_results
CC,CARTHAGE CEMENT,2025-04-17,2.1,132689,-0.032258064516129,0.7049165229167226,-3.140613256324367,False,True,False,EXPLAINED,Carthage Cement dégage un bénéfice record de 70 millions de dinars en 2024,2025-04-22,5.0,earnings_results
CC,CARTHAGE CEMENT,2025-05-13,2.08,44216,0.04,-0.6944717666258755,3.816382474906376,False,True,False,EXPLAINED,Lazhar STA condamné à payer 28 millions d'euros à Carthage Cement,2025-05-14,1.0,other_news
CC,CARTHAGE CEMENT,2025-10-23,1.84,5967175,0.0165745856353591,4.986510286348803,1.7637485887784323,True,False,False,UNEXPLAINED,,,,
CC,CARTHAGE CEMENT,2025-12-10,1.91,282857,0.0552486187845302,1.0985633096178478,5.489243839680992,False,True,False,EXPLAINED,Carthage Cement : Redressement réussi et perspectives de valeur,2025-12-10,0.0,other_news
CC,CARTHAGE CEMENT,2025-12-12,1.94,4307493,-0.010204081632653,3.799849794055987,-0.8448601932283234,True,False,False,EXPLAINED,Carthage Cement : Redressement réussi et perspectives de valeur,2025-12-10,-2.0,other_news
CELL,CELLCOM,2021-09-20,4.8,3325,0.0434782608695651,1.0762347117740023,4.01370599482133,False,True,False,UNEXPLAINED,,,,
CELL,CELLCOM,2021-11-12,4.6,2000,-0.0416666666666667,0.7833858242313204,-4.089140176097695,False,True,False,UNEXPLAINED,,,,
CELL,CELLCOM,2021-11-15,4.8,1,0.0434782608695651,-2.056457837024184,3.658378199103604,False,True,False,UNEXPLAINED,,,,
CELL,CELLCOM,2021-11-17,4.6,210,-0.0416666666666667,-0.1092317098753612,-3.239749023180112,False,True,False,UNEXPLAINED,,,,
CELL,CELLCOM,2022-03-23,4.46,2800,-0.0449678800856531,0.8940158554271961,-3.3824961717903435,False,True,False,UNEXPLAINED,,,,
CELL,CELLCOM,2022-05-17,4.3,150,-0.0631808278867102,-0.3831624190802534,-3.194803594397357,False,True,False,UNEXPLAINED,,,,
CELL,CELLCOM,2022-11-04,3.21,37,-0.1058495821727019,-0.7085339438005585,-3.005152689553328,False,True,False,UNEXPLAINED,,,,
CELL,CELLCOM,2023-03-27,3.21,38,0.2298850574712643,-0.8846180581906435,6.193459879774079,False,True,False,UNEXPLAINED,,,,
CELL,CELLCOM,2023-05-25,2.17,4323,-0.1621621621621621,0.9492554940909512,-3.407302637397302,False,True,False,UNEXPLAINED,,,,
CELL,CELLCOM,2023-10-25,1.74,14119,-0.1674641148325358,1.4181954180199785,-3.462140985360296,False,True,False,UNEXPLAINED,,,,
CELL,CELLCOM,2024-11-27,2.23,17210,-0.0823045267489712,0.8698973408781935,-3.251701343569681,False,True,False,UNEXPLAINED,,,,
CELL,CELLCOM,2025-03-26,2.12,9500,0.0871794871794873,0.9161340605541278,3.612992900142697,False,True,False,UNEXPLAINED,,,,
CELL,CELLCOM,2025-10-16,1.88,450,-0.0693069306930693,-0.1163058952295465,-3.287580184210894,False,True,False,UNEXPLAINED,,,,
CELL,CELLCOM,2025-10-22,2.17,901,0.0849999999999999,0.1623873877748007,3.5626673128128368,False,True,False,UNEXPLAINED,,,,
CIL,CIL,2021-11-23,18.0,5,0.0588235294117647,-1.0410530214771538,5.58764280942034,False,True,False,UNEXPLAINED,,,,
CIL,CIL,2022-03-18,20.72,669,0.0625641025641026,0.534182471208451,3.4193981646240026,False,True,False,EXPLAINED,La CIL améliore de 22% son bénéfice net en 2021 à plus de 15 millions de dinars,2022-03-14,-4.0,earnings_results
CIL,CIL,2022-04-21,18.0,75,-0.0954773869346733,-0.3361691668446263,-5.5534633644684455,False,True,False,UNEXPLAINED,,,,
CIL,CIL,2023-03-24,25.61,1678,0.191717077710563,1.094799203873942,7.422527625556716,False,True,False,EXPLAINED,La CIL émet un emprunt obligataire de 20 millions de dinars,2023-03-23,-1.0,other_news
CIL,CIL,2023-05-16,19.0,120,-0.2830188679245283,0.0232348039732942,-7.78925712022305,False,True,False,UNEXPLAINED,,,,
CIL,CIL,2024-04-26,20.98,34,-0.063392857142857,-0.8994563588990464,-3.02754910509414,False,True,False,UNEXPLAINED,,,,
CIL,CIL,2024-07-24,21.11,34,-0.0575892857142856,-1.1610772124556126,-3.1107114986058813,False,True,False,UNEXPLAINED,,,,
CIL,CIL,2024-08-07,22.0,268,0.0716025328787139,0.3051817177860524,3.4171633757765383,False,True,False,UNEXPLAINED,,,,
CIL,CIL,2024-11-05,24.02,1839,0.0918181818181818,1.8616672773579608,3.832499053381013,False,True,False,UNEXPLAINED,,,,
CIL,CIL,2025-01-17,25.0,64940,0.0,3.247747323074329,-0.1169432703218358,True,False,False,UNEXPLAINED,,,,
CIL,CIL,2025-04-28,24.5,596,-0.0754716981132075,-0.8709402379492169,-4.527100696917538,False,True,False,UNEXPLAINED,,,,
CIL,CIL,2025-07-31,25.5,4430,-0.0431519699812382,3.2149071022794438,-1.906985379400954,True,False,False,UNEXPLAINED,,,,
CIL,CIL,2025-11-14,27.11,60332,0.0037023324694556,5.951964848559595,0.2632466296151841,True,False,False,UNEXPLAINED,,,,
CIL,CIL,2025-12-23,27.15,10958,-0.0007361059992639,3.5665531724861177,-0.1514117398262643,True,False,False,UNEXPLAINED,,,,
CIL,CIL,2026-01-08,29.79,1169,0.0347342827370615,1.1565617051824575,3.330985697024298,False,True,False,UNEXPLAINED,,,,
CIL,CIL,2026-01-15,29.99,11558,0.0341379310344827,2.525360053047911,3.2281763850358494,False,True,False,UNEXPLAINED,,,,
CIL,CIL,2026-01-23,31.51,8451,0.0406208718626155,1.5970940810053036,3.358635456767275,False,True,False,UNEXPLAINED,,,,
CIL,CIL,2026-02-10,34.19,995,0.0487730061349691,0.0853201417700761,3.7613020960511534,False,True,False,UNEXPLAINED,,,,
CIL,CIL,2026-04-20,35.9,2479,0.0577489687684149,-0.378945767204624,3.6144646547130086,False,True,False,EXPLAINED,CIL : Un profil défensif adossé à un rendement attractif,2026-04-20,0.0,other_news
CIL,CIL,2026-04-22,32.9,6809,-0.0835654596100278,0.7045468266347504,-5.275442056643872,False,True,False,EXPLAINED,CIL : Un profil défensif adossé à un rendement attractif,2026-04-20,-2.0,other_news
CITY,CITY CARS,2021-09-02,10.9,1290,-0.0521739130434781,0.4210950491945178,-3.07552199582931,False,True,False,EXPLAINED,City Cars lance son nouveau véhicule utilitaire la nouvelle camionnette K2500,2021-09-01,-1.0,other_news
CITY,CITY CARS,2022-03-16,12.9,2119,0.048780487804878,0.5995441088747391,4.29226860760601,False,True,False,EXPLAINED,City Cars : La roue tourne dans le bon sens,2022-03-14,-2.0,other_news
CITY,CITY CARS,2022-03-22,12.0,6402,-0.0392313851080864,1.0701062300133353,-3.031779703881105,False,True,False,UNEXPLAINED,,,,
CITY,CITY CARS,2022-05-04,12.35,9806,0.0546541417591801,1.4664911647589494,3.236218832319945,False,True,False,EXPLAINED,City Cars améliore de 58% son bénéfice net en 2021 à 33 millions de dinars,2022-04-30,-4.0,earnings_results
CITY,CITY CARS,2022-06-28,12.8,2183,0.0364372469635627,0.5508428559123004,3.1061512154919035,False,True,False,UNEXPLAINED,,,,
CITY,CITY CARS,2022-07-20,10.49,4761,-0.1034188034188033,0.916369868136983,-8.634467214705262,False,True,False,UNEXPLAINED,,,,
CITY,CITY CARS,2022-08-12,10.8,442,0.0588235294117649,-0.256626148521153,3.4658132863125863,False,True,False,UNEXPLAINED,,,,
CITY,CITY CARS,2022-08-15,11.44,42,0.0592592592592591,-1.4998455365075818,3.13578593160837,False,True,False,UNEXPLAINED,,,,
CITY,CITY CARS,2022-12-01,10.2,6856,-0.0368271954674221,1.252756508492491,-3.6286373335796416,False,True,False,UNEXPLAINED,,,,
CITY,CITY CARS,2022-12-02,10.5,11,0.0294117647058824,-1.465430803386459,3.061203552908857,False,True,False,UNEXPLAINED,,,,
CITY,CITY CARS,2023-04-03,12.0,9,0.0434782608695651,-1.5609015510164448,4.469380317256066,False,True,False,UNEXPLAINED,,,,
CITY,CITY CARS,2023-04-11,11.35,600,-0.046218487394958,0.2620282017646577,-4.298703801644225,False,True,False,UNEXPLAINED,,,,
CITY,CITY CARS,2023-04-12,11.8,2,0.0396475770925111,-2.226763862630255,3.364090096499549,False,True,False,UNEXPLAINED,,,,
CITY,CITY CARS,2023-07-17,12.9,702,-0.0652173913043479,-0.1790848243770482,-5.482863404952392,False,True,False,EXPLAINED,City Cars améliore de 4% son chiffre d'affaires semestriel à 147 millions de dinars,2023-07-24,7.0,earnings_results
CITY,CITY CARS,2023-07-20,12.65,1063930,-0.0039370078740156,3.6790106313105486,-0.3617587310095836,True,False,False,EXPLAINED,City Cars améliore de 4% son chiffre d'affaires semestriel à 147 millions de dinars,2023-07-24,4.0,earnings_results
CITY,CITY CARS,2024-07-08,12.1,514,-0.0963405526512323,-0.6980282905308601,-9.696117939091868,False,True,False,UNEXPLAINED,,,,
CITY,CITY CARS,2024-11-22,12.5,125,-0.0354938271604938,-1.2385074387324235,-3.6005716138425137,False,True,False,UNEXPLAINED,,,,
CITY,CITY CARS,2025-01-02,13.18,967,0.0377952755905512,0.1152257372530717,3.647334919270895,False,True,False,UNEXPLAINED,,,,
CITY,CITY CARS,2025-02-19,14.9,5757,0.0470836261419536,0.8636040531230972,3.9805014090189768,False,True,False,UNEXPLAINED,,,,
CITY,CITY CARS,2025-06-24,16.9,5768,0.0444993819530283,1.015479401132202,4.363946861797591,False,True,False,UNEXPLAINED,,,,
CITY,CITY CARS,2025-07-04,16.0,262,-0.0436341900777047,-0.7308219496687586,-4.276532029198295,False,True,False,UNEXPLAINED,,,,
CITY,CITY CARS,2025-07-30,17.2,1719,0.0424242424242424,0.4825274302415526,3.678053507794915,False,True,False,EXPLAINED,Explosion des ventes de City Cars au premier semestre 2025,2025-07-24,-6.0,other_news
CITY,CITY CARS,2025-09-12,20.9,3844,0.0455227613806903,1.1245025794543118,3.0815810664227143,False,True,False,EXPLAINED,Kia présente sa gamme complète de VE à l’occasion de sa présence au salon IAA Mobility de Munich,2025-09-10,-2.0,other_news
CITY,CITY CARS,2025-12-29,19.6,280118,-0.0040650406504064,4.466946373805713,-0.4388205575978534,True,False,False,UNEXPLAINED,,,,
CITY,CITY CARS,2026-01-12,19.69,2425,0.0363157894736843,1.113510631987813,3.699580926559175,False,True,False,EXPLAINED,Kia accélère l’électrification en Tunisie avec le lancement du tout nouveau Kia EV3,2026-01-14,2.0,other_news
CITY,CITY CARS,2026-01-16,20.57,1212,0.0336683417085428,0.60906265297354,3.3353191851689403,False,True,False,EXPLAINED,Kia accélère l’électrification en Tunisie avec le lancement du tout nouveau Kia EV3,2026-01-14,-2.0,other_news
CITY,CITY CARS,2026-02-02,21.49,1896,0.0341674687199229,0.6038986196553374,3.320835076043987,False,True,False,UNEXPLAINED,,,,
CITY,CITY CARS,2026-02-03,22.4,1834,0.0423452768729641,0.5662367697399274,4.1020159901075495,False,True,False,UNEXPLAINED,,,,
CITY,CITY CARS,2026-02-05,23.95,6802,0.0597345132743361,1.3959332609067794,5.347162329055001,False,True,False,UNEXPLAINED,,,,
CITY,CITY CARS,2026-02-18,27.97,2745,0.059871163319439,0.5216680360919196,3.78392400515312,False,True,False,UNEXPLAINED,,,,
CITY,CITY CARS,2026-02-19,29.64,2720,0.0597068287450841,0.4976503780947951,3.3316676906694638,False,True,False,UNEXPLAINED,,,,
CITY,CITY CARS,2026-03-02,25.0,10581,-0.0562476406191014,1.1529659336480236,-3.1982334056036006,False,True,False,UNEXPLAINED,,,,
CITY,CITY CARS,2026-04-27,8.9496,57,-0.58042194092827,-3.7098622228763904,-21.7481657276959,False,True,False,EXPLAINED,"CITY CARS : Bénéfice en hausse de 17 % en 2025 et dividende maintenu à 1,250 dinar",2026-04-27,0.0,dividend
CITY,CITY CARS,2026-04-28,22.92,1391,1.5610083132207029,-0.5523849924650194,19.703019691217023,False,True,False,EXPLAINED,"CITY CARS : Bénéfice en hausse de 17 % en 2025 et dividende maintenu à 1,250 dinar",2026-04-27,-1.0,dividend
CREAL,CEREALIS,2022-06-15,12.4,21,0.0689655172413794,-1.2114676790301655,3.647614097241805,False,True,False,EXPLAINED,Vers un changement de contrôle de la société CEREALIS,2022-06-10,-5.0,other_news
CREAL,CEREALIS,2022-11-17,13.3,528914,,3.114027502369193,,True,False,False,EXPLAINED,Suspension de la cotation des titres CEREALIS les 15 et 16 novembre 2022,2022-11-15,-2.0,suspension
DH,DELICE HOLDING,2022-11-16,6.5,2214,-0.037037037037037,-0.0609964114189878,-3.499607332525148,False,True,False,UNEXPLAINED,,,,
DH,DELICE HOLDING,2023-05-23,5.96,2676,0.0365217391304348,0.1796588375981282,3.0160578157964824,False,True,False,EXPLAINED,Le Groupe Délice dégage un bénéfice de 78 millions de dinars en 2022,2023-05-19,-4.0,earnings_results
DH,DELICE HOLDING,2023-10-26,6.03,5756,-0.0466403162055335,0.5318234457983704,-3.741433833171101,False,True,False,UNEXPLAINED,,,,
DH,DELICE HOLDING,2023-11-14,5.95,1490,0.0484581497797358,-0.4210938071748172,4.218822916231806,False,True,False,EXPLAINED,Le Groupe Délice dépasse le milliard de dinars de revenus à fin septembre,2023-11-07,-7.0,earnings_results
DH,DELICE HOLDING,2024-03-08,5.45,319898,-0.0135746606334842,3.003704914902014,-0.8578692119675744,True,False,False,UNEXPLAINED,,,,
DH,DELICE HOLDING,2024-05-16,5.5,1579424,0.0185185185185183,3.288628369201837,1.8292035037276584,True,False,False,UNEXPLAINED,,,,
DH,DELICE HOLDING,2024-10-08,7.9,69228,0.0326797385620916,1.127975869322212,3.092917941637946,False,True,False,UNEXPLAINED,,,,
DH,DELICE HOLDING,2025-01-24,8.625,35574,0.0360360360360361,1.9231380081811589,3.545209597430216,False,True,False,EXPLAINED,"Revenus records de 1,4 milliard de dinars pour le Groupe Délice en 2024",2025-01-22,-2.0,earnings_results
DH,DELICE HOLDING,2025-02-11,8.95,32468,0.0437317784256559,1.717222281700198,4.274948926101618,False,True,False,UNEXPLAINED,,,,
DH,DELICE HOLDING,2025-02-13,9.595,98838,0.049207217058502,3.026895316694071,4.676154209243503,True,True,True,UNEXPLAINED,,,,
DH,DELICE HOLDING,2025-02-14,9.92,173432,0.0338718082334548,3.4834889868349315,2.632311389919252,True,False,False,UNEXPLAINED,,,,
DH,DELICE HOLDING,2025-03-18,10.64,41850,0.0431372549019608,1.325519590358921,3.015189685246352,False,True,False,UNEXPLAINED,,,,
DH,DELICE HOLDING,2025-03-24,10.945,307264,0.0181395348837209,3.29605610490791,0.9357726971977984,True,False,False,UNEXPLAINED,,,,
DH,DELICE HOLDING,2025-04-16,11.355,64432,0.0597293513765748,1.3444189515467069,3.844692815982609,False,True,False,EXPLAINED,Plus de 370 millions de dinars de revenus trimestriels pour le Groupe Délice,2025-04-21,5.0,earnings_results
DH,DELICE HOLDING,2025-04-18,11.1,51640,-0.0529010238907851,1.0554083622859751,-3.6596976808162807,False,True,False,EXPLAINED,Plus de 370 millions de dinars de revenus trimestriels pour le Groupe Délice,2025-04-21,3.0,earnings_results
DH,DELICE HOLDING,2025-07-16,12.715,18816,0.0595833333333333,0.4230890092182789,3.9181772555006296,False,True,False,UNEXPLAINED,,,,
DH,DELICE HOLDING,2025-07-21,13.5,45008,0.0588235294117647,1.39216702417169,3.549754252144884,False,True,False,EXPLAINED,Délice Holding annonce le split de la valeur nominale de son action à 5 dinars,2025-07-28,7.0,other_news
DH,DELICE HOLDING,2025-11-26,12.0,183942,-0.0066225165562914,4.327994679421493,-0.6406131755750577,True,False,False,UNEXPLAINED,,,,
DH,DELICE HOLDING,2025-12-04,12.65,21904,0.0411522633744856,1.1450313251119175,4.086930701132404,False,True,False,UNEXPLAINED,,,,
DH,DELICE HOLDING,2026-01-15,13.45,37460,0.0590551181102361,1.5114646454519427,4.926279854617484,False,True,False,EXPLAINED,"Le groupe Délice signe une année 2025 record avec 1,5 milliard de dinars de revenus",2026-01-21,6.0,earnings_results
ECYCL,EURO-CYCLES,2021-09-15,32.2,27983,0.0353697749196142,2.0059895754809944,3.4540934140854,False,True,False,UNEXPLAINED,,,,
ECYCL,EURO-CYCLES,2021-12-01,31.85,8874,-0.0348484848484847,0.9346924052375244,-3.5932867214059567,False,True,False,UNEXPLAINED,,,,
ECYCL,EURO-CYCLES,2022-04-05,31.0,5170,0.0333333333333334,0.5278929538828782,3.547301784435691,False,True,False,EXPLAINED,Le Groupe Euro-Cycles augmente de 60% son bénéfice net en 2021,2022-04-12,7.0,earnings_results
ECYCL,EURO-CYCLES,2022-08-04,33.05,6153,-0.067700987306065,1.069438445038087,-7.001502524624148,False,True,False,UNEXPLAINED,,,,
ECYCL,EURO-CYCLES,2022-08-18,34.2,30590,0.0426829268292685,3.083755226923818,3.644372562001964,True,True,True,EXPLAINED,Euro-Cycles : Vers un nouveau cycle de croissance,2022-08-16,-2.0,other_news
ECYCL,EURO-CYCLES,2022-10-11,29.39,24623,0.050768680729353,2.082380149177512,3.5709553356355164,False,True,False,UNEXPLAINED,,,,
ECYCL,EURO-CYCLES,2023-03-21,23.88,1923,-0.0598425196850394,-0.4340757457505927,-3.546100785147753,False,True,False,EXPLAINED,Euro-Cycles dégage un bénéfice net de 17 millions de dinars en 2022,2023-03-17,-4.0,earnings_results
ECYCL,EURO-CYCLES,2023-03-22,22.45,10067,-0.0598827470686766,1.1366056679282537,-3.1662574594002013,False,True,False,EXPLAINED,Euro-Cycles dégage un bénéfice net de 17 millions de dinars en 2022,2023-03-17,-5.0,earnings_results
ECYCL,EURO-CYCLES,2023-04-12,18.38,18472,0.0599769319492502,1.4344562158821703,3.279743953448921,False,True,False,EXPLAINED,EURO-CYCLES - Représentant des petits porteurs: Date limite de remise des candidatures prorogée,2023-04-11,-1.0,other_news
ECYCL,EURO-CYCLES,2023-10-23,11.87,5454,0.0598214285714284,0.3358591118552282,4.18536219638423,False,True,False,EXPLAINED,Euro-Cycles : Baisse de 32% des revenus à fin septembre à 91 millions de dinars,2023-10-23,0.0,earnings_results
ECYCL,EURO-CYCLES,2023-10-25,13.33,9515,0.1229991575400168,0.8486687650760056,7.158349537405516,False,True,False,EXPLAINED,Euro-Cycles : Baisse de 32% des revenus à fin septembre à 91 millions de dinars,2023-10-23,-2.0,earnings_results
ECYCL,EURO-CYCLES,2024-07-22,11.77,20814,0.0351802990325418,2.091039935290273,3.5616111084334827,False,True,False,UNEXPLAINED,,,,
ECYCL,EURO-CYCLES,2024-08-15,12.33,21869,0.0592783505154639,1.70581692240908,5.869286578136912,False,True,False,UNEXPLAINED,,,,
ECYCL,EURO-CYCLES,2024-08-16,12.9,32333,0.0462287104622871,1.970518693826872,4.025469288701082,False,True,False,UNEXPLAINED,,,,
ECYCL,EURO-CYCLES,2024-10-21,12.89,15952,0.0437246963562754,1.145930808955918,3.145097488157369,False,True,False,EXPLAINED,Euro-Cycles améliore de 5% ses revenus à fin septembre à 95 millions de dinars,2024-10-22,1.0,earnings_results
ECYCL,EURO-CYCLES,2025-01-23,12.44,28673,0.0366666666666666,2.6714140431821143,3.743229081239192,False,True,False,EXPLAINED,Euro-Cycles accroît de 10% ses revenus à 120 millions de dinars en 2024,2025-01-22,-1.0,earnings_results
ECYCL,EURO-CYCLES,2025-02-10,13.19,13423,0.0468253968253968,1.4739683486323565,4.305526619572246,False,True,False,UNEXPLAINED,,,,
ECYCL,EURO-CYCLES,2025-08-15,12.74,5651,-0.0485436893203883,0.4686921378316859,-4.044059644997337,False,True,False,UNEXPLAINED,,,,
ECYCL,EURO-CYCLES,2025-08-21,13.3,27277,0.043956043956044,1.6907071053871252,3.360534054774546,False,True,False,UNEXPLAINED,,,,
ECYCL,EURO-CYCLES,2025-09-05,13.59,21969,0.0510440835266821,1.6059967629894127,3.852313330450424,False,True,False,EXPLAINED,Euro-Cycles améliore de 45% son bénéfice net semestriel,2025-09-05,0.0,earnings_results
ECYCL,EURO-CYCLES,2025-10-22,12.41,36242,-0.0598484848484848,2.204551510753808,-4.514454325217478,False,True,False,EXPLAINED,EURO-CYCLES : Repli de la production et des exportations à fin septembre 2025,2025-10-22,0.0,other_news
ECYCL,EURO-CYCLES,2025-12-12,12.9,26715,0.0411622276029055,2.0232991840192662,3.149356632806505,False,True,False,UNEXPLAINED,,,,
ECYCL,EURO-CYCLES,2026-04-23,11.43,40935,-0.0848678943154523,1.989628960531813,-6.437664517871555,False,True,False,UNEXPLAINED,,,,
GIF,GIF FILTER,2022-05-31,0.59,64031,0.2553191489361701,2.114413106966769,8.701243440202333,False,True,False,UNEXPLAINED,,,,
GIF,GIF FILTER,2022-11-01,0.43,8388,-0.1224489795918367,0.7026231273092532,-3.5502739354339616,False,True,False,UNEXPLAINED,,,,
GIF,GIF FILTER,2022-11-07,0.48,355,0.1162790697674418,-1.9024709946852023,3.3733813529153416,False,True,False,UNEXPLAINED,,,,
GIF,GIF FILTER,2023-10-30,0.27,1320,-0.0689655172413792,0.1317046766769402,-3.3799025860640475,False,True,False,UNEXPLAINED,,,,
GIF,GIF FILTER,2023-11-06,0.3,1158,0.1538461538461537,0.0726407381544005,5.66621334600838,False,True,False,UNEXPLAINED,,,,
GIF,GIF FILTER,2024-10-22,0.44,14344,0.0999999999999998,1.3410653909468662,5.287328223585642,False,True,False,UNEXPLAINED,,,,
HL,HANNIBAL LEASE,2021-10-05,3.07,82000,0.0132013201320131,4.590010402843597,,True,False,False,UNEXPLAINED,,,,
HL,HANNIBAL LEASE,2021-11-22,2.81,2000,-0.0506756756756756,1.001191453444418,-3.657709007574818,False,True,False,UNEXPLAINED,,,,
HL,HANNIBAL LEASE,2021-11-23,2.96,666,0.0533807829181494,0.5085662161632837,3.821294318353817,False,True,False,UNEXPLAINED,,,,
HL,HANNIBAL LEASE,2022-04-01,3.12,1501,0.0612244897959184,0.8094925925315645,3.444404284025467,False,True,False,EXPLAINED,Hannibal Lease dégage un bénéfice net de plus de 4 millions de dinars en 2021,2022-03-25,-7.0,earnings_results
HL,HANNIBAL LEASE,2022-05-09,3.58,1290,0.0848484848484849,0.5438515301066895,4.166081073221623,False,True,False,UNEXPLAINED,,,,
HL,HANNIBAL LEASE,2022-05-24,4.0,221,0.1111111111111111,-0.2040738686847783,4.870292657881693,False,True,False,UNEXPLAINED,,,,
HL,HANNIBAL LEASE,2022-06-02,3.7,255,-0.0749999999999999,-0.164974341641039,-3.0657706466049275,False,True,False,UNEXPLAINED,,,,
HL,HANNIBAL LEASE,2022-06-16,3.33,50,-0.1373056994818652,-0.9123866920032384,-4.9689942551255255,False,True,False,UNEXPLAINED,,,,
HL,HANNIBAL LEASE,2022-06-22,3.94,4830,0.1831831831831831,0.9291078492557582,5.262328460928897,False,True,False,UNEXPLAINED,,,,
HL,HANNIBAL LEASE,2024-05-28,5.5,1168074,-0.0350877192982456,3.194110540080198,-2.1421121644916057,True,False,False,EXPLAINED,Le fonds SANAD détient désormais 10 % du capital de Hannibal Lease,2024-06-03,6.0,other_news
HL,HANNIBAL LEASE,2024-11-26,7.02,647,-0.0448979591836734,0.0320010410514832,-3.124343182323172,False,True,False,UNEXPLAINED,,,,
HL,HANNIBAL LEASE,2024-12-10,7.07,1224,-0.0445945945945945,0.3460669241520329,-3.0870915068219733,False,True,False,UNEXPLAINED,,,,
HL,HANNIBAL LEASE,2024-12-23,7.4,200,0.0571428571428571,-0.5121697976709697,3.2941466308508294,False,True,False,UNEXPLAINED,,,,
HL,HANNIBAL LEASE,2025-01-03,7.0,5000,-0.054054054054054,0.9098355879034422,-3.4263676820320232,False,True,False,UNEXPLAINED,,,,
HL,HANNIBAL LEASE,2025-05-28,7.01,39,-0.0590604026845638,-1.3442730194976364,-4.12835342364912,False,True,False,UNEXPLAINED,,,,
HL,HANNIBAL LEASE,2025-07-16,7.32,70,0.044222539229672,-1.2299193529437216,3.329353992640621,False,True,False,EXPLAINED,Hannibal Lease certifiée MSI 20000 à Euronext,2025-07-09,-7.0,other_news
HL,HANNIBAL LEASE,2025-07-29,7.0,1400,0.0447761194029849,0.2576083307595006,3.013938930440527,False,True,False,EXPLAINED,"Encours et mises en force en hausse, un semestre prometteur pour Hannibal Lease",2025-08-01,3.0,other_news
HL,HANNIBAL LEASE,2026-02-04,7.21,460,-0.0386666666666666,0.0217018168410124,-3.5263509381156477,False,True,False,UNEXPLAINED,,,,
HL,HANNIBAL LEASE,2026-03-25,7.57,625,0.036986301369863,0.0544303648946134,3.769983590390989,False,True,False,EXPLAINED,Hannibal Lease réalise plus de 11 millions de dinars de bénéfice consolidé en 2025,2026-03-31,6.0,earnings_results
HL,HANNIBAL LEASE,2026-03-26,7.25,270,-0.0422721268163804,-0.3907451244674945,-4.196010385531426,False,True,False,EXPLAINED,Hannibal Lease réalise plus de 11 millions de dinars de bénéfice consolidé en 2025,2026-03-31,5.0,earnings_results
HL,HANNIBAL LEASE,2026-03-31,7.5,1786,0.0344827586206897,0.6352251753336714,3.1745581754587198,False,True,False,EXPLAINED,Hannibal Lease réalise plus de 11 millions de dinars de bénéfice consolidé en 2025,2026-03-31,0.0,earnings_results
HL,HANNIBAL LEASE,2026-05-26,7.75,2879,-0.0443896424167693,0.4547120666453624,-3.123297229500007,False,True,False,UNEXPLAINED,,,,
ICF,ICF,2021-09-13,78.0,885,0.0547667342799187,1.7111837207326694,4.0713434222031175,False,True,False,UNEXPLAINED,,,,
ICF,ICF,2021-09-16,85.73,7462,0.0599653808110782,2.684184036834641,3.6119793664748423,False,True,False,UNEXPLAINED,,,,
ICF,ICF,2021-09-17,90.87,3738,0.0599556747929546,2.0867801020522903,3.136815205886069,False,True,False,UNEXPLAINED,,,,
ICF,ICF,2021-10-21,81.88,1194,-0.0599311136624569,0.8725942628273102,-3.2160309312826323,False,True,False,UNEXPLAINED,,,,
ICF,ICF,2022-09-01,97.18,7466,0.1234682080924856,2.850703310611547,11.663547584602163,False,True,False,EXPLAINED,ICF multiplie ses bénéfices quasiment par quatre au premier semestre à 23 millions de dinars,2022-08-29,-3.0,earnings_results
ICF,ICF,2023-04-11,103.96,317,0.0406406406406405,-0.1518554225887534,4.087377060480913,False,True,False,UNEXPLAINED,,,,
ICF,ICF,2023-04-20,96.78,1787,-0.0599320058280719,1.8199004433130104,-6.015102588684065,False,True,False,UNEXPLAINED,,,,
ICF,ICF,2023-04-26,95.0,540,-0.0403071017274471,0.4145372685283978,-3.159158569736983,False,True,False,UNEXPLAINED,,,,
ICF,ICF,2023-05-12,93.4,19431,-0.0010695187165774,4.080507571754025,0.018458178843065,True,False,False,UNEXPLAINED,,,,
ICF,ICF,2023-07-04,92.3,720,-0.0581632653061224,0.696888352553121,-3.762541105800557,False,True,False,UNEXPLAINED,,,,
ICF,ICF,2023-08-18,77.36,896,0.0597260273972601,1.1774299912136723,4.368859311728438,False,True,False,UNEXPLAINED,,,,
ICF,ICF,2024-03-12,64.29,291,-0.0599502851294048,0.8566218235989529,-3.9846386537103258,False,True,False,UNEXPLAINED,,,,
ICF,ICF,2024-08-22,63.1,40354,-0.0140624999999999,3.4725737539611576,-1.3842188581600798,True,False,False,EXPLAINED,ICF augmente de 60 % ses bénéfices au premier semestre à 16 millions de dinars,2024-08-26,4.0,earnings_results
ICF,ICF,2024-08-26,66.31,166,0.0508716323296354,-0.0052113839132976,5.180294851433227,False,True,False,EXPLAINED,ICF augmente de 60 % ses bénéfices au premier semestre à 16 millions de dinars,2024-08-26,0.0,earnings_results
ICF,ICF,2024-08-27,70.89,3439,0.0690695219423918,1.7787600421360992,6.07326502062191,False,True,False,EXPLAINED,ICF augmente de 60 % ses bénéfices au premier semestre à 16 millions de dinars,2024-08-26,-1.0,earnings_results
ICF,ICF,2024-08-28,75.0,5378,0.0579771476936097,1.964484271673584,3.930484668070044,False,True,False,EXPLAINED,ICF augmente de 60 % ses bénéfices au premier semestre à 16 millions de dinars,2024-08-26,-2.0,earnings_results
ICF,ICF,2024-08-29,78.8,1655,0.0506666666666666,1.2503916246375666,3.0249673291466235,False,True,False,EXPLAINED,ICF augmente de 60 % ses bénéfices au premier semestre à 16 millions de dinars,2024-08-26,-3.0,earnings_results
ICF,ICF,2024-09-02,73.1,710,-0.0567741935483872,0.7741574176728436,-3.4026502085801544,False,True,False,EXPLAINED,ICF augmente de 60 % ses bénéfices au premier semestre à 16 millions de dinars,2024-08-26,-7.0,earnings_results
ICF,ICF,2024-09-27,81.5,5811,0.0584415584415585,1.7315630796425,3.058116170889259,False,True,False,UNEXPLAINED,,,,
ICF,ICF,2025-01-15,114.39,4379,0.0542857142857142,1.4906007553691378,3.0889280624171613,False,True,False,UNEXPLAINED,,,,
ICF,ICF,2025-03-10,122.94,5722,0.0599189585309078,1.3885121853609297,3.8085884174444304,False,True,False,UNEXPLAINED,,,,
ICF,ICF,2025-04-07,113.68,2849,-0.0599520383693045,0.7345891086828865,-3.6011054362871886,False,True,False,EXPLAINED,ICF triple son bénéfice en 2024 à 21 millions de dinars,2025-04-10,3.0,earnings_results
ICF,ICF,2025-04-10,109.51,2992,-0.0599999999999999,0.7597736254692284,-3.203580137812754,False,True,False,EXPLAINED,ICF triple son bénéfice en 2024 à 21 millions de dinars,2025-04-10,0.0,earnings_results
ICF,ICF,2025-07-22,113.42,3500,0.06,2.0631721571866293,3.976147755397664,False,True,False,UNEXPLAINED,,,,
ICF,ICF,2025-08-29,108.2,2856,-0.050877192982456,2.022615421069338,-3.4150649479792765,False,True,False,UNEXPLAINED,,,,
ICF,ICF,2025-09-01,101.71,3729,-0.0599815157116452,2.140846438235399,-3.628871228031689,False,True,False,UNEXPLAINED,,,,
ICF,ICF,2026-03-23,86.95,4283,0.0565006075334144,1.678535357726976,3.6299078377232488,False,True,False,UNEXPLAINED,,,,
ICF,ICF,2026-04-23,83.19,3303,-0.06,1.0507135960903724,-3.197582980999812,False,True,False,UNEXPLAINED,,,,
LNDOR,LAND'OR,2021-11-18,9.25,1943,0.0393258426966292,0.3913706335279561,3.522296942808043,False,True,False,UNEXPLAINED,,,,
LNDOR,LAND'OR,2022-04-07,8.6,143,-0.0444444444444445,-0.8397324189592825,-3.99305210265065,False,True,False,UNEXPLAINED,,,,
LNDOR,LAND'OR,2022-04-08,8.99,1,0.0453488372093024,-2.9471557604330094,3.806697591940824,False,True,False,UNEXPLAINED,,,,
LNDOR,LAND'OR,2022-04-13,8.6,589,-0.0433815350389321,-0.0400765165785204,-3.0980739926222416,False,True,False,UNEXPLAINED,,,,
LNDOR,LAND'OR,2022-09-09,7.26,6729,-0.0534550195567145,1.133274019307012,-3.732055156351521,False,True,False,UNEXPLAINED,,,,
LNDOR,LAND'OR,2022-11-25,6.57,15818,0.0596774193548388,1.2192637710193155,3.963167004066328,False,True,False,UNEXPLAINED,,,,
LNDOR,LAND'OR,2022-12-06,6.25,51927,-0.0587349397590361,1.7388209873687377,-3.016714255356058,False,True,False,UNEXPLAINED,,,,
LNDOR,LAND'OR,2023-06-21,6.13,30715,-0.0554699537750386,1.611832545204604,-3.0475753874922846,False,True,False,UNEXPLAINED,,,,
LNDOR,LAND'OR,2023-09-12,5.53,17655,-0.0595238095238094,2.0467080950196,-3.651026091072176,False,True,False,UNEXPLAINED,,,,
LNDOR,LAND'OR,2023-09-14,5.7,1,0.0555555555555555,-2.5663184735217155,3.3432014038319893,False,True,False,UNEXPLAINED,,,,
LNDOR,LAND'OR,2023-10-17,5.77,7532,0.058715596330275,1.771809693491402,3.769932124638948,False,True,False,EXPLAINED,Land'Or améliore de plus de 20% ses revenus à fin septembre à 145 millions de dinars,2023-10-17,0.0,earnings_results
LNDOR,LAND'OR,2024-04-15,6.07,2199,-0.0485893416927899,0.9782400317461764,-3.2348021666556286,False,True,False,EXPLAINED,Land'Or réalise un chiffre d'affaires de plus de 50 millions de dinars au premier trimestre,2024-04-19,4.0,earnings_results
LNDOR,LAND'OR,2024-04-16,6.42,7469,0.0576606260296539,1.546709129654211,3.114774980164533,False,True,False,EXPLAINED,Land'Or réalise un chiffre d'affaires de plus de 50 millions de dinars au premier trimestre,2024-04-19,3.0,earnings_results
LNDOR,LAND'OR,2024-09-03,9.73,8725,0.0329087048832272,1.1638350397199284,3.049713656765785,False,True,False,EXPLAINED,Land'Or renoue avec les bénéfices au premier semestre,2024-09-03,0.0,earnings_results
LNDOR,LAND'OR,2024-11-05,10.23,10444,0.0590062111801241,1.7943819932811826,5.855740700357623,False,True,False,UNEXPLAINED,,,,
LNDOR,LAND'OR,2024-11-06,10.8,40201,0.0557184750733137,2.4844427942177947,4.390501289550034,False,True,False,UNEXPLAINED,,,,
LNDOR,LAND'OR,2025-03-14,11.49,30927,0.0531622364802932,2.022871012720766,5.1099558957173326,False,True,False,UNEXPLAINED,,,,
LNDOR,LAND'OR,2025-04-07,10.98,5,-0.0518134715025906,-3.1898927521259672,-4.649157207123598,False,True,False,UNEXPLAINED,,,,
LNDOR,LAND'OR,2025-05-06,11.18,15611,0.0477975632614806,1.4786156332313738,3.2122343935985143,False,True,False,EXPLAINED,Land'Or double quasiment ses bénéfices à plus de 10 millions de dinars en 2024,2025-05-05,-1.0,earnings_results
LNDOR,LAND'OR,2025-07-01,10.34,19103,-0.0591446769790718,1.48453321966287,-3.796856367081547,False,True,False,UNEXPLAINED,,,,
LNDOR,LAND'OR,2025-09-02,10.15,44515,-0.0593141797961074,2.265121929341172,-3.9388998117028087,False,True,False,EXPLAINED,Land'Or stabilise quasiment son bénéfice net au premier semestre 2025,2025-09-09,7.0,earnings_results
LNDOR,LAND'OR,2025-10-31,10.84,177733,0.0596285434995111,2.8889522861915404,3.5168712342738013,False,True,False,UNEXPLAINED,,,,
LNDOR,LAND'OR,2025-11-03,11.49,19577,0.0599630996309963,1.3441993967473058,3.175643513898277,False,True,False,UNEXPLAINED,,,,
LNDOR,LAND'OR,2026-04-13,15.93,314700,0.0006281407035175,3.19165823882685,-0.0727099569093793,True,False,False,EXPLAINED,Un premier trimestre sous le signe de la croissance et du désendettement pour Land'Or,2026-04-20,7.0,other_news
LNDOR,LAND'OR,2026-05-12,17.26,39334,0.0595457335788829,1.6289014566539222,5.563475869099002,False,True,False,UNEXPLAINED,,,,
LNDOR,LAND'OR,2026-05-13,18.29,69860,0.0596755504055619,1.9679875354938028,4.452760068146488,False,True,False,UNEXPLAINED,,,,
LNDOR,LAND'OR,2026-05-22,17.35,10273,0.0579268292682928,0.6105988279996623,3.562153502239729,False,True,False,EXPLAINED,Land'Or augmente de 23 % son bénéfice net en 2025 à 13 millions de dinars,2026-05-26,4.0,earnings_results
LSTR,ELECTROSTAR,2021-10-20,0.92,200,-0.0799999999999999,0.3627242781452371,-3.14176535051364,False,True,False,EXPLAINED,ELECTROSTAR : Des revenus en chute et un endettement qui dépasse les 107 millions de dinars,2021-10-13,-7.0,earnings_results
LSTR,ELECTROSTAR,2023-04-05,0.51,1,0.108695652173913,-2.891546409247875,4.466376237009265,False,True,False,UNEXPLAINED,,,,
LSTR,ELECTROSTAR,2023-06-21,0.44,184,0.0999999999999998,-0.5444738783514929,3.110075338208192,False,True,False,UNEXPLAINED,,,,
LSTR,ELECTROSTAR,2023-11-16,0.21,3662,-0.2222222222222223,0.9202062609680902,-5.380056457215472,False,True,False,UNEXPLAINED,,,,
LSTR,ELECTROSTAR,2024-03-12,0.67,4800,0.2181818181818182,1.0759107515680602,3.813178949657377,False,True,False,UNEXPLAINED,,,,
MAG,MAGASIN GENERAL,2021-10-19,16.0,5,-0.0314769975786924,-1.517244810141704,-3.265967792239068,False,True,False,EXPLAINED,Magasin Général stabilise ses revenus à fin septembre à 700 millions de dinars,2021-10-20,1.0,earnings_results
MAG,MAGASIN GENERAL,2022-03-23,12.43,345,-0.0438461538461538,0.1219083289956503,-3.211230121134402,False,True,False,EXPLAINED,L’action Magasin Général à son plus bas historique,2022-03-24,1.0,other_news
MAG,MAGASIN GENERAL,2022-04-27,11.9,87,0.0682226211849192,-0.30009069347725,3.880280787756164,False,True,False,EXPLAINED,Le Groupe Magasin Général essuie une perte nette de 27 millions de dinars en 2021,2022-04-30,3.0,earnings_results
MAG,MAGASIN GENERAL,2022-05-27,14.23,9,0.0904214559386973,-1.0221560412592734,4.132004967134566,False,True,False,UNEXPLAINED,,,,
MAG,MAGASIN GENERAL,2023-06-02,10.99,4,0.0989999999999999,-1.2294536964976688,4.022202609891405,False,True,False,UNEXPLAINED,,,,
MAG,MAGASIN GENERAL,2023-06-16,10.0,310,-0.1150442477876106,1.0292052094788695,-3.872189968617399,False,True,False,UNEXPLAINED,,,,
MAG,MAGASIN GENERAL,2023-10-26,9.15,283,-0.1277407054337463,1.3059142108828354,-3.852703863986603,False,True,False,EXPLAINED,Magasin Général désigne 2 administrateurs indépendants et un représentant des petits porteurs,2023-10-30,4.0,other_news
MAG,MAGASIN GENERAL,2024-07-01,5.99,42,0.0890909090909091,-0.3703108562147671,3.739363313521568,False,True,False,UNEXPLAINED,,,,
MAG,MAGASIN GENERAL,2024-08-16,6.99,48,0.0921874999999998,-0.5018254669384525,3.66414264479231,False,True,False,UNEXPLAINED,,,,
MAG,MAGASIN GENERAL,2024-12-25,7.32,405131,0.0,5.167178638837306,-0.129031332467717,True,False,False,UNEXPLAINED,,,,
MAG,MAGASIN GENERAL,2025-01-16,7.55,995000,0.0,4.595645306386362,-0.1419081606518988,True,False,False,EXPLAINED,Magasin Général dévoile un teaser au style d'un film d'action hollywoodien,2025-01-16,0.0,other_news
MAG,MAGASIN GENERAL,2025-01-22,7.0,9,-0.0728476821192052,-1.1090647603544723,-3.123807653440737,False,True,False,EXPLAINED,Magasin Général dévoile un teaser au style d'un film d'action hollywoodien,2025-01-16,-6.0,other_news
MAG,MAGASIN GENERAL,2025-01-29,7.0,1260000,0.0,4.028409068148429,-0.0449826956830302,True,False,False,EXPLAINED,Les revenus de Magasin Général dépassent le milliard de dinars en 2024,2025-01-29,0.0,earnings_results
MAG,MAGASIN GENERAL,2025-04-24,6.79,360,-0.0673076923076922,0.3991205777710602,-3.1094206415531125,False,True,False,EXPLAINED,Magasin Général enregistre une croissance soutenue au premier trimestre 2025,2025-04-24,0.0,other_news
MAG,MAGASIN GENERAL,2025-06-11,6.8,1040,-0.0810810810810811,0.8019748519285756,-3.566709783395608,False,True,False,EXPLAINED,Magasin Général : Une année 2024 sous le signe du renouveau et de la performance,2025-06-13,2.0,other_news
MAG,MAGASIN GENERAL,2025-09-26,9.1,1253,0.0820451843043994,1.3619646518961963,3.51887249808824,False,True,False,UNEXPLAINED,,,,
MAG,MAGASIN GENERAL,2025-10-23,9.48,607,-0.0919540229885056,0.876263855337569,-3.9094863451958672,False,True,False,EXPLAINED,Magasin Général renforce sa dynamique de croissance au troisième trimestre 2025,2025-10-23,0.0,other_news
MAG,MAGASIN GENERAL,2025-11-06,9.16,90,0.0904761904761903,-0.1226018736472057,3.021187950894709,False,True,False,UNEXPLAINED,,,,
MAG,MAGASIN GENERAL,2025-12-10,9.15,401544,0.0,4.353090065638908,-0.1536819060109502,True,False,False,EXPLAINED,"Magasin Général : Réalisation d'une transaction de bloc de 3,6 millions de dinars",2025-12-11,1.0,other_news
MAG,MAGASIN GENERAL,2025-12-24,10.43,603775,0.0,3.844686031399112,-0.1621131989187489,True,False,False,UNEXPLAINED,,,,
MAG,MAGASIN GENERAL,2026-04-15,10.55,300,-0.0826086956521738,0.4053495260205218,-3.38826201489248,False,True,False,EXPLAINED,"""MG J’aime"" élue Marque de Distributeur de l’Année 2026 en Tunisie pour la 3ème année consécutive",2026-04-08,-7.0,other_news
MAG,MAGASIN GENERAL,2026-04-22,11.3,350,0.0970873786407766,0.4667304634894061,3.314641052967024,False,True,False,EXPLAINED,Un premier trimestre 2026 dynamique pour Magasin Général,2026-04-23,1.0,other_news
MGR,SOTUMAG,2021-08-12,3.52,4164,-0.0276243093922652,0.1719694321458009,-3.2045768250034787,False,True,False,UNEXPLAINED,,,,
MGR,SOTUMAG,2021-08-31,3.76,2764,0.0386740331491712,-0.0185302397118471,3.5396468915197743,False,True,False,UNEXPLAINED,,,,
MGR,SOTUMAG,2021-09-23,3.82,25488,-0.0329113924050633,1.3101853553588574,-3.514348035285018,False,True,False,UNEXPLAINED,,,,
MGR,SOTUMAG,2022-03-30,4.75,11631,-0.0556660039761431,0.4468155225529999,-4.447252502927502,False,True,False,UNEXPLAINED,,,,
MGR,SOTUMAG,2022-10-26,5.03,12623,0.0328542094455852,0.9019363008836953,3.260072992888898,False,True,False,EXPLAINED,SOTUMAG : Le Conseil d'administration délègue la gestion de la société à Yasser BEN KHLIFA,2022-10-28,2.0,governance
MGR,SOTUMAG,2023-03-16,4.95,14495,0.0377358490566039,0.7990938327300419,3.169326795807632,False,True,False,UNEXPLAINED,,,,
MGR,SOTUMAG,2023-07-06,4.86,1868,-0.0617760617760616,-0.50874422156406,-5.348629491639865,False,True,False,UNEXPLAINED,,,,
MGR,SOTUMAG,2024-05-10,6.3,1711,0.05,0.3732346422623869,4.948675229272926,False,True,False,EXPLAINED,La SOTUMAG améliore de 23 % son bénéfice net en 2023,2024-05-10,0.0,earnings_results
MGR,SOTUMAG,2024-05-16,6.39,4964,0.0323101777059773,0.928554658402766,3.124181050329001,False,True,False,EXPLAINED,La SOTUMAG améliore de 23 % son bénéfice net en 2023,2024-05-10,-6.0,earnings_results
MGR,SOTUMAG,2024-07-02,6.04,1,-0.0635658914728682,-3.5129424830206366,-5.887534637097614,False,True,False,UNEXPLAINED,,,,
MGR,SOTUMAG,2024-11-11,6.34,4000,-0.03206106870229,1.6546142216155053,-3.262465784820713,False,True,False,UNEXPLAINED,,,,
MGR,SOTUMAG,2024-11-22,6.53,6,0.03486529318542,-1.672862842281378,3.488265776037467,False,True,False,UNEXPLAINED,,,,
MGR,SOTUMAG,2024-12-04,6.3,2173,-0.0440060698027313,1.1143588344467497,-4.480322262423207,False,True,False,UNEXPLAINED,,,,
MGR,SOTUMAG,2024-12-05,6.59,6645,0.046031746031746,1.6183892005904184,4.06289497404884,False,True,False,UNEXPLAINED,,,,
MGR,SOTUMAG,2025-04-22,6.7,8882,0.0567823343848581,1.17648560187021,5.411989573140413,False,True,False,UNEXPLAINED,,,,
MGR,SOTUMAG,2025-07-21,7.1,280,-0.0405405405405406,-0.1734516225904198,-3.38414016596434,False,True,False,UNEXPLAINED,,,,
MGR,SOTUMAG,2025-08-08,7.6,3393,0.0599721059972104,1.3162686627918982,4.5007238404493055,False,True,False,UNEXPLAINED,,,,
MGR,SOTUMAG,2025-08-11,8.029,2992,0.0564473684210526,1.2019257663581795,3.5898812944600658,False,True,False,UNEXPLAINED,,,,
MGR,SOTUMAG,2025-08-20,8.36,10873,0.0595690747782002,1.7818606846216811,3.100108442059788,False,True,False,UNEXPLAINED,,,,
MGR,SOTUMAG,2025-11-26,8.8,6110,-0.0496760259179264,1.3350288134550137,-4.474306253836521,False,True,False,UNEXPLAINED,,,,
MGR,SOTUMAG,2025-11-27,9.15,48,0.0397727272727272,-0.8517756019394509,3.20909249998295,False,True,False,UNEXPLAINED,,,,
MGR,SOTUMAG,2026-03-02,9.4,4130,-0.0408163265306122,1.2803399788708634,-4.180923407478076,False,True,False,UNEXPLAINED,,,,
MGR,SOTUMAG,2026-03-25,9.93,4328,0.0452631578947368,1.3226770858939303,3.4607472194820783,False,True,False,UNEXPLAINED,,,,
MGR,SOTUMAG,2026-06-02,11.66,810,0.06,0.3206635832642145,3.751720424573248,False,True,False,UNEXPLAINED,,,,
MGR,SOTUMAG,2026-06-03,12.35,1426,0.0591766723842195,0.6038703227133224,3.275291746112074,False,True,False,UNEXPLAINED,,,,
MIP,MIP,2021-10-14,0.21,100,,8.03388770016918,,True,False,False,UNEXPLAINED,,,,
MIP,MIP,2021-11-05,0.21,400,,5.148961793266331,,True,False,False,UNEXPLAINED,,,,
MIP,MIP,2021-11-10,0.21,389,0.0,3.3753063998907296,,True,False,False,UNEXPLAINED,,,,
MIP,MIP,2022-03-24,0.25,301,0.25,2.4133678143723536,25.0,False,True,False,UNEXPLAINED,,,,
MIP,MIP,2022-03-31,0.21,3,-0.16,0.1168888091214967,-3.151066335007731,False,True,False,UNEXPLAINED,,,,
MIP,MIP,2022-04-29,0.16,1250,0.2307692307692308,1.9530321695598447,3.829150197522773,False,True,False,UNEXPLAINED,,,,
MIP,MIP,2022-05-20,0.26,11411,0.3,2.066487692934231,3.869411593417404,False,True,False,UNEXPLAINED,,,,
MNP,MONOPRIX,2022-03-16,4.23,3107,0.0317073170731709,0.7651267845052525,3.2326440333307622,False,True,False,UNEXPLAINED,,,,
MNP,MONOPRIX,2022-03-23,3.9,1426,-0.0510948905109489,0.3610447475802469,-4.309193994992884,False,True,False,UNEXPLAINED,,,,
MNP,MONOPRIX,2022-03-24,4.1,151,0.0512820512820513,-0.7123302998650887,4.170963915054817,False,True,False,UNEXPLAINED,,,,
MNP,MONOPRIX,2022-04-11,3.89,8441,0.0428954423592493,1.2207244306398344,3.012448883858576,False,True,False,EXPLAINED,Le Groupe Monoprix réduit sensiblement ses pertes en 2021,2022-04-15,4.0,other_news
MNP,MONOPRIX,2022-04-12,4.12,6504,0.0591259640102828,1.0682637534047066,3.820092257201357,False,True,False,EXPLAINED,Le Groupe Monoprix réduit sensiblement ses pertes en 2021,2022-04-15,3.0,other_news
MNP,MONOPRIX,2022-05-06,4.27,66595,0.0595533498759304,2.1835614170481765,3.27043377425196,False,True,False,UNEXPLAINED,,,,
MNP,MONOPRIX,2023-09-12,5.16,493,-0.0618181818181817,-0.0108534677304234,-3.0835439590541136,False,True,False,UNEXPLAINED,,,,
MNP,MONOPRIX,2023-10-26,5.0,102,-0.0636704119850186,-0.6734757404253027,-3.034444316941385,False,True,False,EXPLAINED,MONOPRIX améliore de 9% ses revenus à fin septembre à plus de 500 millions de dinars,2023-10-23,-3.0,earnings_results
MNP,MONOPRIX,2024-04-16,4.26,665,-0.0838709677419355,0.2472630865439868,-3.853942368287406,False,True,False,EXPLAINED,MONOPRIX améliore de 7 % ses revenus au premier trimestre à 165 millions de dinars,2024-04-23,7.0,earnings_results
MNP,MONOPRIX,2024-10-11,4.0,5,0.0840108401084012,-1.8965692344535472,4.118594072583394,False,True,False,UNEXPLAINED,,,,
MNP,MONOPRIX,2024-12-04,3.7,147,0.1044776119402985,-0.1125941365413429,4.238110460126205,False,True,False,UNEXPLAINED,,,,
MNP,MONOPRIX,2025-03-13,3.7,22,0.0914454277286136,-1.2658476267123715,3.3549566450893886,False,True,False,EXPLAINED,Le paiement mobile débarque chez Monoprix Tunisie en partenariat avec Flouci,2025-03-17,4.0,other_news
MNP,MONOPRIX,2025-12-26,6.1,348288,-0.0081300813008131,3.137469012607942,-0.4093756298173079,True,False,False,UNEXPLAINED,,,,
MNP,MONOPRIX,2026-03-19,7.97,5444,0.077027027027027,0.9904739323569596,3.141228754578591,False,True,False,UNEXPLAINED,,,,
MPBS,MPBS,2022-07-05,2.325,500,0.0592255125284739,-0.2214261159212597,3.1866889398489526,False,True,False,UNEXPLAINED,,,,
MPBS,MPBS,2023-04-13,2.055,466,-0.0551724137931033,-0.4970775859850493,-3.331275702066891,False,True,False,UNEXPLAINED,,,,
MPBS,MPBS,2023-09-19,2.25,13602,0.0588235294117647,0.934877547107569,3.22117252571645,False,True,False,UNEXPLAINED,,,,
MPBS,MPBS,2024-04-15,2.385,40,0.0599999999999998,-1.2456419021287195,3.5372135488858176,False,True,False,EXPLAINED,MPBS double son chiffre d'affaires au premier trimestre à 22 millions de dinars,2024-04-22,7.0,earnings_results
MPBS,MPBS,2024-04-22,2.46,34422,0.058064516129032,1.3922151367713067,3.313282407766032,False,True,False,EXPLAINED,MPBS double son chiffre d'affaires au premier trimestre à 22 millions de dinars,2024-04-22,0.0,earnings_results
MPBS,MPBS,2024-04-23,2.605,19148,0.0589430894308942,1.1392465548210495,3.1115177045754,False,True,False,EXPLAINED,MPBS double son chiffre d'affaires au premier trimestre à 22 millions de dinars,2024-04-22,-1.0,earnings_results
MPBS,MPBS,2024-04-30,2.525,688,-0.0630797773654916,-0.2459728573823421,-3.298267416713394,False,True,False,UNEXPLAINED,,,,
MPBS,MPBS,2024-10-22,4.85,63346,0.0543478260869565,1.9844002661606737,3.007807620122451,False,True,False,EXPLAINED,Le groupe MPBS augmente de 40% ses revenus à fin septembre à 124 millions de dinars,2024-10-22,0.0,earnings_results
MPBS,MPBS,2024-10-28,5.565,37782,0.06,1.6258620426211492,3.0103243173455447,False,True,False,EXPLAINED,Le groupe MPBS augmente de 40% ses revenus à fin septembre à 124 millions de dinars,2024-10-22,-6.0,earnings_results
MPBS,MPBS,2025-02-10,5.13,5910,-0.0491195551436515,0.4599161656232158,-3.8135255560019607,False,True,False,UNEXPLAINED,,,,
MPBS,MPBS,2025-02-13,5.29,223478,0.0590590590590589,2.6277477508531417,4.538382600374563,False,True,False,UNEXPLAINED,,,,
MPBS,MPBS,2025-02-14,5.605,19994,0.0595463137996219,1.0640767053827538,3.893379403306453,False,True,False,UNEXPLAINED,,,,
MPBS,MPBS,2025-03-18,5.5,1284224,-0.003623188405797,3.630112084458209,-0.1431744992696594,True,False,False,UNEXPLAINED,,,,
MPBS,MPBS,2025-04-29,6.185,7560,0.0599828620394171,0.2554923213075151,3.352452886042784,False,True,False,EXPLAINED,"MPBS propose un dividende de 0,370 dinar par action et une opération de split",2025-04-28,-1.0,dividend
MPBS,MPBS,2025-04-30,6.555,10782,0.0598221503637834,0.4587789346276194,3.027876807004859,False,True,False,EXPLAINED,"MPBS propose un dividende de 0,370 dinar par action et une opération de split",2025-04-28,-2.0,dividend
MPBS,MPBS,2025-07-15,7.42,6295,0.0607576840600427,0.3689907844196213,3.1742861276605683,False,True,False,UNEXPLAINED,,,,
MPBS,MPBS,2025-07-28,7.97,1633,-0.0839080459770114,-0.3380904129610557,-3.718670540265101,False,True,False,UNEXPLAINED,,,,
MPBS,MPBS,2025-12-25,8.7,17340,0.0545454545454544,1.385885003631225,5.037941889896415,False,True,False,UNEXPLAINED,,,,
MPBS,MPBS,2026-01-05,8.27,17250,-0.0591581342434583,1.2442196898461273,-4.530751518004954,False,True,False,UNEXPLAINED,,,,
MPBS,MPBS,2026-01-21,8.21,28495,0.0485312899106002,1.7602572482487042,3.15997474286288,False,True,False,UNEXPLAINED,,,,
MPBS,MPBS,2026-04-29,8.84,2044,-0.0391304347826086,-0.649790554845718,-3.14360063235916,False,True,False,UNEXPLAINED,,,,
MPBS,MPBS,2026-05-14,8.82,30502,-0.0464864864864864,1.6757064918634874,-3.621555119856657,False,True,False,EXPLAINED,Une année 2025 record pour l'activité commerciale de MPBS,2026-05-08,-6.0,other_news
MPBS,MPBS,2026-05-26,10.0,20681,0.0718113612004287,1.2080873116324005,4.460777651638955,False,True,False,UNEXPLAINED,,,,
NAKL,ENNAKL AUTOMOBILES,2021-07-29,11.1,4259,-0.0431034482758621,2.2339948374818213,-3.2897146912943835,False,True,False,UNEXPLAINED,,,,
NAKL,ENNAKL AUTOMOBILES,2022-04-19,10.5,475,-0.0454545454545454,0.5038564098614353,-3.0745500645506083,False,True,False,EXPLAINED,ENNAKL Automobiles : Des revenus en baisse de 19% à fin mars à 93 millions de dinars,2022-04-21,2.0,earnings_results
NAKL,ENNAKL AUTOMOBILES,2022-05-05,11.0,103,0.0476190476190476,-0.7767450723913313,3.534330167822412,False,True,False,EXPLAINED,ENNAKL Automobiles lance la nouvelle Volkswagen Golf 8 en Tunisie,2022-05-07,2.0,other_news
NAKL,ENNAKL AUTOMOBILES,2022-05-11,11.49,345,0.0445454545454546,0.153064210791906,3.754692216694972,False,True,False,EXPLAINED,ENNAKL Automobiles lance la nouvelle Volkswagen Golf 8 en Tunisie,2022-05-07,-4.0,other_news
NAKL,ENNAKL AUTOMOBILES,2022-08-19,10.99,202,-0.0443478260869565,0.2589211096650582,-4.121079907859198,False,True,False,UNEXPLAINED,,,,
NAKL,ENNAKL AUTOMOBILES,2022-08-24,11.28,72,0.0444444444444442,-0.7458708613081112,3.4483872575766106,False,True,False,UNEXPLAINED,,,,
NAKL,ENNAKL AUTOMOBILES,2022-10-14,11.72,50566,0.0191304347826086,5.431010687304203,1.4751128121070058,True,False,False,UNEXPLAINED,,,,
NAKL,ENNAKL AUTOMOBILES,2022-10-24,11.66,10,0.0410714285714286,-2.2566724916403427,3.027072775432699,False,True,False,EXPLAINED,Baisse de 15% des revenus du concessionnaire ENNAKL Automobiles à fin septembre,2022-10-27,3.0,earnings_results
NAKL,ENNAKL AUTOMOBILES,2023-07-24,11.6,117602,0.0175438596491226,4.328097622458381,1.2750931935646896,True,False,False,EXPLAINED,Le chiffre d'affaires semestriel d'ENNAKL Automobiles frôle les 300 millions de dinars,2023-07-28,4.0,earnings_results
NAKL,ENNAKL AUTOMOBILES,2023-07-31,11.0,160,-0.0476190476190476,-0.2504801629468515,-3.608782023118055,False,True,False,EXPLAINED,Le chiffre d'affaires semestriel d'ENNAKL Automobiles frôle les 300 millions de dinars,2023-07-28,-3.0,earnings_results
NAKL,ENNAKL AUTOMOBILES,2023-08-01,11.5,200,0.0454545454545454,-0.131349164572463,3.117484356364145,False,True,False,EXPLAINED,Le chiffre d'affaires semestriel d'ENNAKL Automobiles frôle les 300 millions de dinars,2023-07-28,-4.0,earnings_results
NAKL,ENNAKL AUTOMOBILES,2023-08-29,10.95,79,-0.0461672473867597,-0.9302017680374426,-3.234407100284903,False,True,False,UNEXPLAINED,,,,
NAKL,ENNAKL AUTOMOBILES,2023-08-30,11.48,769,0.0484018264840184,0.7263054999809021,3.166229457838819,False,True,False,UNEXPLAINED,,,,
NAKL,ENNAKL AUTOMOBILES,2023-12-01,11.1,5700,-0.0593220338983051,2.370212267904635,-3.1364484449968697,False,True,False,UNEXPLAINED,,,,
NAKL,ENNAKL AUTOMOBILES,2024-05-03,10.17,2019,-0.0495327102803737,0.7595730012343588,-3.804155819414846,False,True,False,UNEXPLAINED,,,,
NAKL,ENNAKL AUTOMOBILES,2024-07-10,10.4,494,-0.0449954086317723,0.0930521517950331,-3.8596033171836,False,True,False,UNEXPLAINED,,,,
NAKL,ENNAKL AUTOMOBILES,2024-09-09,11.15,452,0.0343228200371057,0.5123164382980608,3.3724047268264923,False,True,False,EXPLAINED,ENNAKL Automobiles améliore de 32% son bénéfice semestriel à 29 millions de dinars,2024-09-06,-3.0,earnings_results
NAKL,ENNAKL AUTOMOBILES,2024-11-12,10.55,36,-0.0303308823529412,-0.8707666513148067,-3.1140638794692577,False,True,False,UNEXPLAINED,,,,
NAKL,ENNAKL AUTOMOBILES,2024-12-30,10.5,269,-0.0454545454545454,0.1285341818249167,-4.549926778533539,False,True,False,UNEXPLAINED,,,,
NAKL,ENNAKL AUTOMOBILES,2025-03-12,11.35,118016,0.0026501766784452,4.213117501462199,0.1350558214928774,True,False,False,UNEXPLAINED,,,,
NAKL,ENNAKL AUTOMOBILES,2025-06-03,11.55,46,-0.070796460176991,-0.9939478407975432,-5.066985897619325,False,True,False,EXPLAINED,ENNAKL Automobiles : Rentabilité préservée et ambitions confirmées pour 2025,2025-05-28,-6.0,other_news
NAKL,ENNAKL AUTOMOBILES,2025-07-22,13.78,2442,0.06,1.2323673039107192,3.008364237270914,False,True,False,EXPLAINED,ENNAKL Automobiles : Résilience et optimisation des charges au premier semestre 2025,2025-07-21,-1.0,other_news
NAKL,ENNAKL AUTOMOBILES,2026-02-05,16.43,4263,0.06,1.0981285532128249,3.987385136148857,False,True,False,UNEXPLAINED,,,,
NAKL,ENNAKL AUTOMOBILES,2026-02-06,17.4,1628,0.0590383444917832,0.6350774755612092,3.604029003727226,False,True,False,UNEXPLAINED,,,,
NAKL,ENNAKL AUTOMOBILES,2026-03-16,18.55,3725,0.06,0.8985645209406397,3.619110009912734,False,True,False,UNEXPLAINED,,,,
NAKL,ENNAKL AUTOMOBILES,2026-03-17,19.66,3962,0.0598382749326145,0.9059051990763574,3.213434443391448,False,True,False,UNEXPLAINED,,,,
NAKL,ENNAKL AUTOMOBILES,2026-05-18,18.9,14540,0.0564561207378422,1.590995273452144,3.519056450917166,False,True,False,EXPLAINED,TotalEnergies Marketing Tunisie et Ennakl Automobiles célèbrent plus de 20 ans de partenariat,2026-05-14,-4.0,other_news
NAKL,ENNAKL AUTOMOBILES,2026-05-19,20.03,19438,0.0597883597883599,1.734972808650043,3.345602504939982,False,True,False,EXPLAINED,TotalEnergies Marketing Tunisie et Ennakl Automobiles célèbrent plus de 20 ans de partenariat,2026-05-14,-5.0,other_news
NBL,NEW BODY LINE,2021-08-06,5.24,12884,0.0438247011952193,1.688561440519713,3.907989985027733,False,True,False,UNEXPLAINED,,,,
NBL,NEW BODY LINE,2021-08-20,5.62,20676,0.0426716141001857,1.612434438351379,3.029603412333046,False,True,False,EXPLAINED,"New Body Line annonce un bénéfice net de 1,4 million de dinars au premier semestre",2021-08-20,0.0,earnings_results
NBL,NEW BODY LINE,2021-09-01,5.44,1607,-0.0456140350877192,0.0733983709697886,-3.2999148195481105,False,True,False,UNEXPLAINED,,,,
NBL,NEW BODY LINE,2021-09-17,5.37,2494,0.0550098231827111,0.4536412122627793,3.193389851690549,False,True,False,UNEXPLAINED,,,,
NBL,NEW BODY LINE,2021-10-20,5.17,3191,-0.058287795992714,0.5255991976972798,-3.0991830190422656,False,True,False,UNEXPLAINED,,,,
NBL,NEW BODY LINE,2022-05-06,6.2,1732,-0.0534351145038167,0.6245030001937335,-3.6500186552512135,False,True,False,UNEXPLAINED,,,,
NBL,NEW BODY LINE,2022-09-26,5.11,2489,-0.0759493670886075,-0.1839870642992203,-4.020545112718681,False,True,False,UNEXPLAINED,,,,
NBL,NEW BODY LINE,2022-10-17,4.9,135730,-0.0180360721442885,3.36442002572915,-1.0127270664545478,True,False,False,UNEXPLAINED,,,,
NBL,NEW BODY LINE,2022-10-26,4.94,202657,0.0102249488752557,3.2682560338615763,0.6083573570104057,True,False,False,UNEXPLAINED,,,,
NBL,NEW BODY LINE,2022-11-09,5.0,237,0.0615711252653927,-0.9442700979731552,3.1366221770658846,False,True,False,UNEXPLAINED,,,,
NBL,NEW BODY LINE,2023-04-14,4.78,562,-0.0590551181102362,0.3857942888927508,-3.2010613577631464,False,True,False,EXPLAINED,New Body Line voit son chiffre d'affaires baisser de 9% au premier trimestre,2023-04-13,-1.0,earnings_results
NBL,NEW BODY LINE,2024-04-16,4.72,6414,-0.0522088353413655,1.8072581954395224,-5.192179053888929,False,True,False,EXPLAINED,Le chiffre d'affaires de New Body Line chute de 27% au premier trimestre,2024-04-16,0.0,earnings_results
NBL,NEW BODY LINE,2024-05-10,4.94,1495,0.0555555555555558,0.7949124653053264,4.6471524447194925,False,True,False,UNEXPLAINED,,,,
NBL,NEW BODY LINE,2024-12-24,4.81,4965,0.0344086021505374,1.631177597409882,3.551680329387088,False,True,False,UNEXPLAINED,,,,
NBL,NEW BODY LINE,2025-04-15,5.14,31240,0.0511247443762781,2.026402023001724,4.342032346604856,False,True,False,UNEXPLAINED,,,,
NBL,NEW BODY LINE,2025-04-24,4.8,6070,-0.043824701195219,1.1208362520081807,-3.8198503074928136,False,True,False,UNEXPLAINED,,,,
NBL,NEW BODY LINE,2025-05-08,4.58,8493,-0.0478170478170477,1.2526672077269412,-3.269109880704934,False,True,False,UNEXPLAINED,,,,
NBL,NEW BODY LINE,2025-06-11,3.84,6673,-0.1652173913043477,1.1862452898311568,-9.95878713440626,False,True,False,EXPLAINED,L'affaire TSI fait déjà des dégâts à New Body Line,2025-06-09,-2.0,other_news
NBL,NEW BODY LINE,2026-04-14,4.15,3678,0.053299492385787,0.9417400481414552,3.294430625575385,False,True,False,UNEXPLAINED,,,,
NBL,NEW BODY LINE,2026-04-28,3.78,10740,-0.1126760563380281,1.4162527193835706,-7.109696784178523,False,True,False,EXPLAINED,"New Body Line en net recul au 1er trimestre, ventes en baisse et marché sous tension",2026-04-27,-1.0,other_news
OTH,ONE TECH,2021-08-27,8.466666624333334,120010,0.0426929392446635,2.112573862933582,4.25244076872671,False,True,False,EXPLAINED,One Tech annonce un bénéfice semestriel de 22 millions de dinars et porte son capital à 80 millions,2021-08-27,0.0,earnings_results
OTH,ONE TECH,2021-08-30,8.973333288466668,48861,0.0598425196850394,1.5123721361416615,5.876921349599896,False,True,False,EXPLAINED,One Tech annonce un bénéfice semestriel de 22 millions de dinars et porte son capital à 80 millions,2021-08-27,-3.0,earnings_results
OTH,ONE TECH,2022-03-24,8.3,2017378,0.0,4.366787132041156,0.1229680523735786,True,False,False,EXPLAINED,Le Groupe OneTech améliore de 55% son bénéfice en 2021 à près de 40 millions de dinars,2022-03-25,1.0,earnings_results
OTH,ONE TECH,2022-07-12,8.05,32076,0.0592105263157896,2.023373183151092,6.054033523980884,False,True,False,UNEXPLAINED,,,,
OTH,ONE TECH,2022-11-21,7.2,136887,0.0,3.772952072294901,0.118936281315937,True,False,False,UNEXPLAINED,,,,
OTH,ONE TECH,2023-05-24,7.65,50995,0.0351826792963465,2.510341250028832,3.595672122805172,False,True,False,EXPLAINED,Assemblée annuelle de OneTech : Forte hausse en vue des bénéfices en 2023,2023-05-24,0.0,earnings_results
OTH,ONE TECH,2023-05-25,8.1,97014,0.0588235294117647,2.968466619217213,5.519927756226308,False,True,False,EXPLAINED,Assemblée annuelle de OneTech : Forte hausse en vue des bénéfices en 2023,2023-05-24,-1.0,earnings_results
OTH,ONE TECH,2024-05-03,8.04,1008297,-0.0074074074074074,4.374612862002796,-0.6629550563770888,True,False,False,EXPLAINED,AfricInvest cède une partie de ses actions OneTech pour 8 millions de dinars,2024-05-07,4.0,other_news
OTH,ONE TECH,2024-06-11,8.42,1816142,0.0023809523809523,4.066123151429297,0.2020255253487374,True,False,False,EXPLAINED,One Tech : Réalisation de six transactions de blocs pour 9 millions de dinars,2024-06-12,1.0,other_news
OTH,ONE TECH,2024-06-12,8.45,1138753,0.0035629453681709,3.225787883888845,0.3142339163806557,True,False,False,EXPLAINED,One Tech : Réalisation de six transactions de blocs pour 9 millions de dinars,2024-06-12,0.0,other_news
OTH,ONE TECH,2024-06-13,8.76,4289228,0.0366863905325445,3.7493666853965326,3.614564856394352,True,True,True,EXPLAINED,One Tech : Réalisation de six transactions de blocs pour 9 millions de dinars,2024-06-12,-1.0,other_news
OTH,ONE TECH,2024-10-02,9.44,15018924,-0.0156412930135558,5.065859402011116,-1.6148790265169943,True,False,False,EXPLAINED,One Tech : Réalisation de trois transactions de blocs pour 170 millions de dinars,2024-10-02,0.0,other_news
OTH,ONE TECH,2024-10-10,9.88,388721,0.0367261280167892,2.0815184574684027,3.6196657811650814,False,True,False,EXPLAINED,Moncef SELLAMI cède une partie de ses actions OneTech à ses enfants,2024-10-07,-3.0,other_news
OTH,ONE TECH,2024-10-16,9.51,65612,-0.0442211055276381,0.8858224495534356,-4.55689051163303,False,True,False,EXPLAINED,Le groupe One Tech annonce des revenus de plus de 785 millions de dinars à fin septembre,2024-10-22,6.0,earnings_results
OTH,ONE TECH,2025-09-03,9.1,27805,0.0459770114942528,0.941523441057004,4.7583855294554445,False,True,False,EXPLAINED,Le groupe OneTech dépasse les attentes avec des résultats semestriels solides,2025-09-05,2.0,earnings_results
OTH,ONE TECH,2025-10-28,8.69,31645,0.0345238095238094,1.1686591434731253,3.318019733320266,False,True,False,EXPLAINED,Le chiffre d'affaires du groupe OneTech frôle les 800 millions de dinars à fin septembre,2025-10-21,-7.0,earnings_results
OTH,ONE TECH,2026-01-15,8.77,102378,0.0452920143027413,1.350661824641149,3.747096899343656,False,True,False,EXPLAINED,Le Groupe OneTech confirme sa croissance et consolide sa structure financière en 2025,2026-01-21,6.0,other_news
OTH,ONE TECH,2026-04-13,10.69,142265,0.0584158415841584,1.1614007139095108,4.072114591167126,False,True,False,EXPLAINED,Un bénéfice historique de 42 millions de dinars pour le Groupe OneTech en 2025,2026-04-08,-5.0,earnings_results
PGH,POULINA GROUP HOLDING,2021-09-14,12.25,68184,-0.0369496855345912,2.320654532130341,-3.7639621791733897,False,True,False,UNEXPLAINED,,,,
PGH,POULINA GROUP HOLDING,2021-11-30,14.36,5762668,0.1976647206005004,3.888701432783598,17.37473519110008,True,True,True,EXPLAINED,Poulina : Réalisation de quatre transactions de bloc pour plus de 71 millions de dinars,2021-11-30,0.0,other_news
PGH,POULINA GROUP HOLDING,2021-12-01,11.9,1000,-0.171309192200557,0.211891265242867,-6.235622604831581,False,True,False,EXPLAINED,Poulina : Réalisation de quatre transactions de bloc pour plus de 71 millions de dinars,2021-11-30,-1.0,other_news
PGH,POULINA GROUP HOLDING,2022-08-01,9.54,3947,0.0599999999999998,1.1430776754995222,3.616159397381607,False,True,False,UNEXPLAINED,,,,
PGH,POULINA GROUP HOLDING,2022-08-18,10.75,704,0.053921568627451,0.1556166918863095,3.088586724447046,False,True,False,UNEXPLAINED,,,,
PGH,POULINA GROUP HOLDING,2022-09-12,9.5,2935,-0.0594059405940593,0.8827319597068146,-3.872913264332293,False,True,False,EXPLAINED,La hausse des charges financières fait chuter de 34% les bénéfices semestriels de POULINA,2022-09-05,-7.0,earnings_results
PGH,POULINA GROUP HOLDING,2022-09-14,9.79,125,0.0583783783783782,-1.1771266161951597,3.3908322703182856,False,True,False,UNEXPLAINED,,,,
PGH,POULINA GROUP HOLDING,2023-11-06,6.9,657,0.0391566265060241,-0.2213238198565351,4.102868595334535,False,True,False,UNEXPLAINED,,,,
PGH,POULINA GROUP HOLDING,2023-11-09,6.65,2869,-0.036231884057971,0.4284604741832297,-3.2968565442809217,False,True,False,UNEXPLAINED,,,,
PGH,POULINA GROUP HOLDING,2023-11-10,6.88,21,0.0345864661654133,-1.7577367811522773,3.0927073430053,False,True,False,UNEXPLAINED,,,,
PGH,POULINA GROUP HOLDING,2023-11-20,7.21,246,0.0389048991354465,-0.6555912402277847,3.2598546061686022,False,True,False,UNEXPLAINED,,,,
PGH,POULINA GROUP HOLDING,2024-03-28,7.58,26399,0.058659217877095,1.1305579316139118,3.964199633889008,False,True,False,UNEXPLAINED,,,,
PGH,POULINA GROUP HOLDING,2024-03-29,8.029,41296,0.0592348284960422,1.2857620451576617,3.5489223975342683,False,True,False,UNEXPLAINED,,,,
PGH,POULINA GROUP HOLDING,2024-12-13,8.89,23314,0.0337209302325582,1.1614395823441537,3.4524708785506744,False,True,False,UNEXPLAINED,,,,
PGH,POULINA GROUP HOLDING,2025-02-27,8.73,36073,0.0343601895734597,1.236866767418371,3.2316450792115647,False,True,False,UNEXPLAINED,,,,
PGH,POULINA GROUP HOLDING,2025-03-10,9.2,18591,0.0454545454545451,1.0445789445243892,4.03801449327378,False,True,False,UNEXPLAINED,,,,
PGH,POULINA GROUP HOLDING,2025-03-12,9.59,40090,0.0423913043478261,1.5378323746104523,3.2756377993834893,False,True,False,UNEXPLAINED,,,,
PGH,POULINA GROUP HOLDING,2025-03-14,10.0,439026,0.044932079414838,3.128357945682396,3.1584446904477863,True,True,True,UNEXPLAINED,,,,
PGH,POULINA GROUP HOLDING,2025-07-28,14.83,300474,-0.0432258064516128,1.622989508125031,-4.074058852123644,False,True,False,EXPLAINED,Poulina annonce des revenus de 2 milliards de dinars au premier semestre de 2025,2025-07-21,-7.0,earnings_results
PGH,POULINA GROUP HOLDING,2025-10-21,15.67,69611,0.0594996619337391,1.3089389099448978,6.012335033388856,False,True,False,EXPLAINED,Poulina franchit une nouvelle étape dans sa transformation stratégique,2025-10-20,-1.0,other_news
PGH,POULINA GROUP HOLDING,2026-01-15,20.2,89981,0.0520833333333332,0.7545728021368991,4.750604824548278,False,True,False,EXPLAINED,L'action Poulina atteint un niveau historique à plus de 20 dinars,2026-01-16,1.0,other_news
PGH,POULINA GROUP HOLDING,2026-02-20,23.79,110999,0.0596881959910913,1.254592397469442,5.5679991281339625,False,True,False,EXPLAINED,Poulina : Un carve-out qui illustre excellence stratégique et gouvernance,2026-02-20,0.0,other_news
PGH,POULINA GROUP HOLDING,2026-04-28,26.45,8420300,-0.0018867924528301,5.884592582681766,-0.379083525022539,True,False,False,EXPLAINED,Poulina maintient sa croissance avec plus d'un milliard de dinars de revenus à fin mars 2026,2026-04-23,-5.0,earnings_results
PLAST,OFFICE PLAST,2021-09-23,1.74,408,0.0874999999999999,0.336984738608843,4.178451383083925,False,True,False,UNEXPLAINED,,,,
PLAST,OFFICE PLAST,2021-11-18,1.58,510,0.0821917808219179,0.3772458499708727,3.5704235871702577,False,True,False,UNEXPLAINED,,,,
PLAST,OFFICE PLAST,2022-07-19,1.35,10352,-0.1768292682926828,1.804467681235425,-8.124173492950444,False,True,False,UNEXPLAINED,,,,
PLAST,OFFICE PLAST,2023-05-30,1.03,7871,-0.1196581196581195,2.5527843877364984,-3.671279160881308,False,True,False,UNEXPLAINED,,,,
PLAST,OFFICE PLAST,2024-04-19,0.99,300,-0.1081081081081082,0.5805497093273008,-3.1523469049900776,False,True,False,UNEXPLAINED,,,,
PLAST,OFFICE PLAST,2024-10-31,1.0,5,0.1111111111111111,-1.5327290409354404,4.110070453281007,False,True,False,EXPLAINED,Office Plast stabilise quasiment son chiffre d'affaires à fin septembre,2024-11-01,1.0,earnings_results
PLAST,OFFICE PLAST,2024-12-30,1.59,10610,0.1276595744680853,1.2010831323351687,3.922332141690463,False,True,False,UNEXPLAINED,,,,
PLAST,OFFICE PLAST,2025-05-21,1.7,225,0.0828025477707006,-0.5629114338619853,3.29497831536985,False,True,False,UNEXPLAINED,,,,
PLAST,OFFICE PLAST,2025-12-10,1.61,12017,-0.0747126436781608,2.24679215059906,-3.011164155403864,False,True,False,UNEXPLAINED,,,,
PLAST,OFFICE PLAST,2025-12-15,1.81,8187,0.0903614457831325,1.941801757627004,3.67938015308264,False,True,False,UNEXPLAINED,,,,
PLAST,OFFICE PLAST,2026-05-11,1.79,41208,0.0591715976331361,0.9825725892441952,3.0621451197849625,False,True,False,UNEXPLAINED,,,,
PX1,TUNINDEX,2022-07-28,7700.39,15857974,0.0009007650653931,6.489558640801233,-0.0079537716022729,True,False,False,UNEXPLAINED,,,,
PX1,TUNINDEX,2022-08-26,7971.79,13810914,0.0033075284028336,4.88853845642512,0.2076506159911385,True,False,False,UNEXPLAINED,,,,
PX1,TUNINDEX,2023-03-17,8076.18,59189564,-0.0005989342929482,5.913991417217572,-0.0198231689118327,True,False,False,UNEXPLAINED,,,,
PX1,TUNINDEX,2023-05-26,8676.9,16696151,0.0010579471211031,3.2049012974175333,0.0064151861416029,True,False,False,UNEXPLAINED,,,,
PX1,TUNINDEX,2023-07-20,8992.11,29508422,-0.0001189790485678,4.255447123600884,-0.1618657571275938,True,False,False,UNEXPLAINED,,,,
PX1,TUNINDEX,2023-08-10,8901.74,98653562,0.0003910876957966,5.452611935364558,-0.0597855895668343,True,False,False,UNEXPLAINED,,,,
PX1,TUNINDEX,2024-05-03,9120.74,10330461,0.0020665946672848,3.980257715753388,0.0952012036876246,True,False,False,UNEXPLAINED,,,,
PX1,TUNINDEX,2024-05-16,9123.06,10106855,1.8634445882792505e-05,3.2044224881978027,-0.1004054434424724,True,False,False,UNEXPLAINED,,,,
PX1,TUNINDEX,2024-06-13,9663.86,40338132,0.0026810485971184,3.700679262437219,0.0894685621400527,True,False,False,UNEXPLAINED,,,,
PX1,TUNINDEX,2024-10-02,9970.8,143821089,-0.0020767548578548,5.529852453338741,-0.2512389357352929,True,False,False,UNEXPLAINED,,,,
PX1,TUNINDEX,2024-12-20,9884.5,30430779,-0.0008167737839875,3.18663024324334,-0.0956187414891629,True,False,False,UNEXPLAINED,,,,
PX1,TUNINDEX,2025-01-29,10226.66,16980183,0.0035621901483362,3.0264471084934783,0.298478219152545,True,False,False,UNEXPLAINED,,,,
PX1,TUNINDEX,2025-07-11,11746.15,34252680,0.0040079458017001,3.7620404385056023,0.3008259453218513,True,False,False,UNEXPLAINED,,,,
PX1,TUNINDEX,2025-10-28,12500.07,29057246,-0.0003222942874737,3.89523111089794,-0.1202949639410196,True,False,False,UNEXPLAINED,,,,
SAH,SAH,2021-09-17,9.488889079419758,12661,0.0338983050847456,0.5363347033249557,3.466359207215891,False,True,False,UNEXPLAINED,,,,
SAH,SAH,2021-10-22,8.788889065364204,79224,-0.0341880341880339,1.8551704294881532,-3.111396399132942,False,True,False,EXPLAINED,Le Groupe SAH Lilas annonce un bénéfice net de 13 millions de dinars au premier semestre,2021-10-22,0.0,earnings_results
SAH,SAH,2021-10-26,9.092222404788275,29781,0.0446827524575512,1.047889834309533,4.348098649944961,False,True,False,EXPLAINED,Le Groupe SAH Lilas annonce un bénéfice net de 13 millions de dinars au premier semestre,2021-10-22,-4.0,earnings_results
SAH,SAH,2022-09-01,8.166666830648152,503258,0.0268948655256724,3.011382699323212,2.453189254370532,True,False,False,UNEXPLAINED,,,,
SAH,SAH,2022-09-06,8.604166839432873,264029,0.0411764705882351,2.511270386801182,3.566268270171674,False,True,False,UNEXPLAINED,,,,
SAH,SAH,2022-11-21,8.798611287781641,33933,-0.0341515474919954,-0.1862664634541607,-3.086496714972651,False,True,False,UNEXPLAINED,,,,
SAH,SAH,2023-03-24,9.226389074148926,135041,0.0463065049614115,1.2514111531174752,4.734354015656472,False,True,False,UNEXPLAINED,,,,
SAH,SAH,2023-06-19,9.527777969089511,660315,-0.0040650406504064,3.061794994947193,-0.539557594446085,True,False,False,EXPLAINED,SAH Lilas : Réalisation de deux transactions de blocs pour plus de 6 millions de dinars,2023-06-20,1.0,other_news
SAH,SAH,2023-07-11,8.75000017569445,649553,-0.0566037735849057,3.504392147427226,-5.580636421662497,True,True,True,UNEXPLAINED,,,,
SAH,SAH,2023-07-12,8.944444624043214,526456,0.0222222222222221,3.0084324857280933,2.382996061798256,True,False,False,UNEXPLAINED,,,,
SAH,SAH,2023-10-19,8.21,932262,-0.0108433734939759,4.122226056127423,-0.999170278750623,True,False,False,EXPLAINED,Les revenus du Groupe SAH à fin septembre dépassent les 670 millions de dinars,2023-10-23,4.0,earnings_results
SAH,SAH,2023-11-01,7.78,891871,-0.0089171974522291,3.494436838931928,-0.7428633485003705,True,False,False,EXPLAINED,Le Groupe SAH Lilas annonce un bénéfice semestriel de plus de 12 millions de dinars,2023-11-02,1.0,earnings_results
SAH,SAH,2023-11-08,8.1,2011272,0.0188679245283018,3.676271337575892,1.9986926499102733,True,False,False,EXPLAINED,Le Groupe SAH Lilas annonce un bénéfice semestriel de plus de 12 millions de dinars,2023-11-02,-6.0,earnings_results
SAH,SAH,2023-11-09,8.38,39769,0.0345679012345681,0.7299627469834545,3.533331416589099,False,True,False,EXPLAINED,Le Groupe SAH Lilas annonce un bénéfice semestriel de plus de 12 millions de dinars,2023-11-02,-7.0,earnings_results
SAH,SAH,2024-05-15,8.16,142103,-0.0048780487804876,3.131767503073077,-0.4065010034637255,True,False,False,UNEXPLAINED,,,,
SAH,SAH,2024-06-05,8.25,305394,0.0060975609756097,3.690806044975704,0.6853059634626549,True,False,False,EXPLAINED,SAH Lilas va élire un Administrateur représentant des actionnaires minoritaires,2024-06-05,0.0,other_news
SAH,SAH,2024-07-02,9.0,1185210,0.0158013544018058,4.378119673429409,1.4784936616873716,True,False,False,EXPLAINED,SAH Lilas se lance dans la fabrication des produits cosmétiques,2024-07-09,7.0,other_news
SAH,SAH,2024-07-08,8.8,50956,-0.0329670329670328,0.7767443996726159,-3.439765783100121,False,True,False,EXPLAINED,SAH Lilas se lance dans la fabrication des produits cosmétiques,2024-07-09,1.0,other_news
SAH,SAH,2024-07-17,10.0,119009,0.0395010395010395,1.5164492308972668,3.3914470963724264,False,True,False,UNEXPLAINED,,,,
SAH,SAH,2024-12-13,10.07,203904,0.005994005994006,3.1293259918206635,0.5474788114832602,True,False,False,EXPLAINED,"Dans les coulisses de Lilas Cosmetics : Innovation, qualité et une ambition internationale",2024-12-13,0.0,other_news
SAH,SAH,2025-02-18,10.74,83749,0.0498533724340175,2.2376111605017446,4.962453190803205,False,True,False,EXPLAINED,"Forbes : Jalila Mezni, 35è femme d'affaires la plus puissante du Moyen-Orient en 2025",2025-02-14,-4.0,other_news
SAH,SAH,2025-03-12,11.15,67145,0.0343228200371057,1.7682217729744645,3.304403316106713,False,True,False,UNEXPLAINED,,,,
SAH,SAH,2025-06-03,12.75,55195,0.0459392945036916,0.947677045546114,3.926491363159778,False,True,False,UNEXPLAINED,,,,
SAH,SAH,2025-09-02,12.4,212535,-0.0072057646116893,3.4040335258790213,-0.6334571818249471,True,False,False,UNEXPLAINED,,,,
SAH,SAH,2026-01-15,14.74,64291,0.046875,0.879704571972252,4.445139845398121,False,True,False,UNEXPLAINED,,,,
SAH,SAH,2026-03-10,13.93,31732,0.0395522388059701,0.4340402556548384,3.4295741309836725,False,True,False,UNEXPLAINED,,,,
SAH,SAH,2026-04-13,13.7,1431599,-0.0193271295633501,6.938180304728649,-1.452315988710328,True,False,False,UNEXPLAINED,,,,
SAM,MEUBLES INTERIEURS,2021-07-30,3.0,935,-0.0769230769230768,-1.3252884177649256,-4.36353716630697,False,True,False,UNEXPLAINED,,,,
SAM,MEUBLES INTERIEURS,2022-04-21,3.02,33796,-0.05625,2.1786611184056697,-4.413164779138582,False,True,False,EXPLAINED,Meuble Intérieurs : Hausse du résultat net de 29% en 2021,2022-04-21,0.0,other_news
SAM,MEUBLES INTERIEURS,2022-07-05,3.04,2615,0.0555555555555555,1.021542466594406,3.736028086976477,False,True,False,UNEXPLAINED,,,,
SAM,MEUBLES INTERIEURS,2022-08-01,2.85,5403,-0.0499999999999999,1.3258063170117946,-3.6094967729798872,False,True,False,UNEXPLAINED,,,,
SAM,MEUBLES INTERIEURS,2022-10-06,3.18,34860,0.06,1.9109820696982531,4.412645391944429,False,True,False,UNEXPLAINED,,,,
SAM,MEUBLES INTERIEURS,2023-04-14,3.07,95247,0.0586206896551724,2.2340993675326226,4.03972119226832,False,True,False,EXPLAINED,Meuble Intérieurs a plus que doublé son bénéfice en 2022 à 3 millions de dinars,2023-04-14,0.0,earnings_results
SAM,MEUBLES INTERIEURS,2023-04-20,3.69,177726,0.2019543973941369,2.4535750872515214,12.179589193887812,False,True,False,EXPLAINED,Meuble Intérieurs a plus que doublé son bénéfice en 2022 à 3 millions de dinars,2023-04-14,-6.0,earnings_results
SAM,MEUBLES INTERIEURS,2023-07-31,3.8,3556,-0.073170731707317,-0.4126033412975269,-7.452379498581616,False,True,False,EXPLAINED,Le groupe Meuble Intérieurs réalise des revenus semestriels de plus de 12 millions de dinars,2023-07-24,-7.0,earnings_results
SAM,MEUBLES INTERIEURS,2023-11-10,4.16,18488,0.04,1.0371289331360505,3.8342027518913535,False,True,False,UNEXPLAINED,,,,
SAM,MEUBLES INTERIEURS,2024-04-22,5.5,34540,0.0377358490566037,1.8291056306336029,3.557514549721237,False,True,False,EXPLAINED,Meuble intérieurs augmente de 20 % ses revenus au premier trimestre,2024-04-20,-2.0,earnings_results
SAM,MEUBLES INTERIEURS,2024-05-23,5.93,3886,0.0403508771929823,-0.2270846905084194,3.86229603541644,False,True,False,UNEXPLAINED,,,,
SAM,MEUBLES INTERIEURS,2024-05-24,5.63,36212,-0.0505902192242833,1.6514103165518244,-4.723153087374472,False,True,False,UNEXPLAINED,,,,
SAM,MEUBLES INTERIEURS,2024-07-31,5.82,4333,-0.0877742946708463,0.1979999551398551,-5.882452038784688,False,True,False,UNEXPLAINED,,,,
SAM,MEUBLES INTERIEURS,2025-01-21,5.86,30382,-0.0330033003300328,2.3909577374759143,-3.362337021012808,False,True,False,EXPLAINED,Meuble intérieurs annonce un chiffre d’affaires record en 2024,2025-01-21,0.0,earnings_results
SAM,MEUBLES INTERIEURS,2025-02-26,6.23,19331,0.0523648648648649,1.6895109051339294,5.21860169807167,False,True,False,UNEXPLAINED,,,,
SAM,MEUBLES INTERIEURS,2025-02-27,6.57,45541,0.0545746388443018,2.545972618622066,4.856153058383308,False,True,False,UNEXPLAINED,,,,
SAM,MEUBLES INTERIEURS,2025-07-03,6.5,1820,0.0500807754442649,0.0243894730123407,3.8782948247299576,False,True,False,EXPLAINED,Meuble Intérieurs : Une année 2024 de consolidation et d’ambition pour l’international,2025-06-30,-3.0,other_news
SAM,MEUBLES INTERIEURS,2025-08-29,6.44,1966,-0.0459259259259258,0.5107171047342854,-4.562394566850763,False,True,False,EXPLAINED,Meuble Intérieurs approuve l'augmentation de son capital,2025-09-03,5.0,other_news
SAM,MEUBLES INTERIEURS,2025-09-17,6.02,13210,-0.059375,2.074317162525709,-5.332782349559065,False,True,False,EXPLAINED,"Meuble Intérieurs affiche un bénéfice semestriel de 1,3 million de dinars",2025-09-17,0.0,earnings_results
SAM,MEUBLES INTERIEURS,2025-10-23,5.5,4843,-0.0484429065743945,1.308408353092274,-3.781342242542448,False,True,False,EXPLAINED,Meubles Intérieurs : Une dynamique de reprise attendue au quatrième trimestre 2025,2025-10-22,-1.0,other_news
SAM,MEUBLES INTERIEURS,2025-11-24,5.2,662,-0.0714285714285712,-0.239259223233684,-4.734280924552699,False,True,False,EXPLAINED,Meuble Intérieurs annonce l'augmentation de son capital par incorporation de réserves,2025-11-17,-7.0,other_news
SAM,MEUBLES INTERIEURS,2026-02-20,4.9,20796,0.053763440860215,0.951404073716791,3.211365532533966,False,True,False,UNEXPLAINED,,,,
SAM,MEUBLES INTERIEURS,2026-05-19,5.1,34041,0.0559006211180124,1.6520694043202206,3.639062484794717,False,True,False,EXPLAINED,Des bénéfices résilients en 2025 pour Meuble Intérieurs malgré un léger repli du chiffre d’affaires,2026-05-25,6.0,earnings_results
SAM,MEUBLES INTERIEURS,2026-06-01,5.86,19961,0.0539568345323742,1.1183834909587131,3.5977573255255,False,True,False,EXPLAINED,Des bénéfices résilients en 2025 pour Meuble Intérieurs malgré un léger repli du chiffre d’affaires,2026-05-25,-7.0,earnings_results
SAM,MEUBLES INTERIEURS,2026-06-09,5.51,819,-0.0483592400690846,-1.153457496417594,-3.2261256760947394,False,True,False,UNEXPLAINED,,,,
SCB,CIMENTS DE BIZERTE,2022-04-12,1.7,119,0.0897435897435896,-0.8134996274121133,3.703348714975782,False,True,False,UNEXPLAINED,,,,
SCB,CIMENTS DE BIZERTE,2022-04-22,1.56,109,-0.0823529411764705,-0.8770831924104168,-3.499775326433668,False,True,False,EXPLAINED,Les Ciments de Bizerte : Chute de 30% du chiffre d'affaires au premier trimestre,2022-04-28,6.0,earnings_results
SCB,CIMENTS DE BIZERTE,2022-05-11,1.58,30,-0.0813953488372092,-1.4474483910479805,-3.13276853844351,False,True,False,UNEXPLAINED,,,,
SCB,CIMENTS DE BIZERTE,2022-05-16,1.66,1,0.0993377483443707,-2.832570834258384,3.139953066444938,False,True,False,UNEXPLAINED,,,,
SCB,CIMENTS DE BIZERTE,2022-05-19,1.5,1000,-0.0963855421686746,0.4418266249419232,-3.0209143600731467,False,True,False,UNEXPLAINED,,,,
SCB,CIMENTS DE BIZERTE,2024-04-17,0.54,15,0.08,-1.0074965293424936,3.776136473763569,False,True,False,UNEXPLAINED,,,,
SCB,CIMENTS DE BIZERTE,2024-04-19,0.58,69,0.0740740740740739,-0.3194946827828045,3.102166808040179,False,True,False,UNEXPLAINED,,,,
SCB,CIMENTS DE BIZERTE,2024-08-28,0.53,2689,-0.208955223880597,1.2290909001186092,-6.446734071697638,False,True,False,UNEXPLAINED,,,,
SCB,CIMENTS DE BIZERTE,2025-01-29,0.41,554,0.1081081081081081,0.1161898782382884,3.352863654475978,False,True,False,EXPLAINED,L'endettement de la société Les Ciments de Bizerte dépasse les 150 millions de dinars en 2024,2025-02-04,6.0,other_news
SCB,CIMENTS DE BIZERTE,2025-05-20,0.48,7111,-0.1724137931034483,1.2027526452869592,-4.743250118532735,False,True,False,EXPLAINED,Perte historique de 45 millions de dinars pour Les Ciments de Bizerte en 2024,2025-05-14,-6.0,other_news
SCB,CIMENTS DE BIZERTE,2025-07-09,0.45,11538,-0.2105263157894735,1.3180391262933782,-4.87603082931436,False,True,False,UNEXPLAINED,,,,
SCB,CIMENTS DE BIZERTE,2026-03-23,0.53,21184,0.1041666666666667,1.6029491168177987,3.008006242405697,False,True,False,UNEXPLAINED,,,,
SCB,CIMENTS DE BIZERTE,2026-03-26,0.59,34108,0.1132075471698113,1.784696959749852,3.003952847582391,False,True,False,UNEXPLAINED,,,,
SCB,CIMENTS DE BIZERTE,2026-04-16,0.73,50580,-0.1704545454545455,1.7650999319380336,-4.5475469303241605,False,True,False,UNEXPLAINED,,,,
SERVI,SERVICOM,2021-09-15,2.18,19163,0.1354166666666667,1.2101499676781764,8.731496608236228,False,True,False,UNEXPLAINED,,,,
SERVI,SERVICOM,2022-04-13,1.13,4222,-0.0813008130081301,-0.0059553014339083,-3.161199529826564,False,True,False,EXPLAINED,"Augmentation de capital, export… les axes stratégiques du business plan 2022-2026 de SERVICOM",2022-04-14,1.0,capital_increase
SERVI,SERVICOM,2022-04-15,1.23,2500,0.088495575221239,-0.3593737771268153,3.2289328741554524,False,True,False,EXPLAINED,"Augmentation de capital, export… les axes stratégiques du business plan 2022-2026 de SERVICOM",2022-04-14,-1.0,capital_increase
SERVI,SERVICOM,2022-06-09,1.04,11892,0.1555555555555556,0.7381543347979002,3.975832505841807,False,True,False,UNEXPLAINED,,,,
SERVI,SERVICOM,2022-10-05,0.37,105042,-0.159090909090909,1.790416016438082,-3.12658470618056,False,True,False,EXPLAINED,Nomination d'un séquestre judiciaire à la tête du groupe SERVICOM,2022-09-30,-5.0,governance
SERVI,SERVICOM,2023-08-25,0.23,11685,-0.2333333333333332,0.3679731672518939,-5.069928162544139,False,True,False,UNEXPLAINED,,,,
SFBT,SFBT,2022-05-11,15.43,69926,-0.0591463414634145,1.924999660654283,-5.7664372104166,False,True,False,EXPLAINED,"Coca-Cola rompt ses contrats avec deux filiales africaines du groupe Castel, propriétaire de SFBT",2022-05-11,0.0,other_news
SFBT,SFBT,2022-05-12,16.1,24340,0.0434219053791316,0.7938174070850577,4.52291613082443,False,True,False,EXPLAINED,"Coca-Cola rompt ses contrats avec deux filiales africaines du groupe Castel, propriétaire de SFBT",2022-05-11,-1.0,other_news
SFBT,SFBT,2022-09-23,15.74,105845,-0.008816120906801,3.5824254278474608,-0.9022526004191987,True,False,False,UNEXPLAINED,,,,
SFBT,SFBT,2022-11-22,13.4,197656,0.0014947683109118,3.690706510239204,0.43897469403424,True,False,False,UNEXPLAINED,,,,
SFBT,SFBT,2023-04-18,13.6,11789,0.0381679389312976,0.3275767572122973,4.10886108130734,False,True,False,EXPLAINED,La SFBT voit ses revenus reculer de 4% au premier trimestre à 147 millions de dinars,2023-04-19,1.0,earnings_results
SFBT,SFBT,2023-04-28,12.99,1256768,-0.0007692307692307,4.646412841291965,0.197607567977472,True,False,False,EXPLAINED,Des investisseurs étrangers achètent pour 35 millions de dinars d'actions SFBT,2023-05-02,4.0,other_news
SFBT,SFBT,2023-05-02,13.2,2485094,0.0161662817551961,4.476056578974914,1.8692445842036305,True,False,False,EXPLAINED,Des investisseurs étrangers achètent pour 35 millions de dinars d'actions SFBT,2023-05-02,0.0,other_news
SFBT,SFBT,2023-05-03,13.86,52550,0.05,1.1872566508280635,5.213445686311744,False,True,False,EXPLAINED,Des investisseurs étrangers achètent pour 35 millions de dinars d'actions SFBT,2023-05-02,-1.0,other_news
SFBT,SFBT,2023-05-25,14.8,60584,0.0496453900709221,1.428171110561714,4.287130845759529,False,True,False,UNEXPLAINED,,,,
SFBT,SFBT,2023-05-31,13.78,4370,-0.0509641873278237,-0.5405301852049276,-3.7738152428785954,False,True,False,UNEXPLAINED,,,,
SFBT,SFBT,2023-09-05,14.44,85380,0.0463768115942027,2.2705517912763065,4.692942635388471,False,True,False,EXPLAINED,SFBT : Réalisation d'une transaction de bloc pour plus de 3 millions de dinars,2023-09-04,-1.0,other_news
SFBT,SFBT,2023-09-12,13.8,17118,-0.0336134453781511,0.5827637486413162,-3.1226569353862152,False,True,False,UNEXPLAINED,,,,
SFBT,SFBT,2024-03-07,13.15,89626,0.0436507936507937,1.767712755678287,4.57533544857206,False,True,False,EXPLAINED,Le Groupe SFBT annonce un bénéfice net consolidé de 295 millions de dinars,2024-03-06,-1.0,earnings_results
SFBT,SFBT,2024-03-21,14.7,39075,0.0425531914893617,1.2977345938237324,3.8332077399966047,False,True,False,EXPLAINED,"Tunisie Valeurs : La SFBT, une valeur défensive par excellence",2024-03-19,-2.0,other_news
SFBT,SFBT,2024-05-28,13.5,35390,-0.066390041493776,1.2309227042437176,-5.629111502333681,False,True,False,EXPLAINED,La SFBT nomme Meriem ZINE au poste d'Administrateur indépendant,2024-05-22,-6.0,other_news
SFBT,SFBT,2024-05-31,12.7,9030,-0.0557620817843865,-0.5254359535131454,-3.788387868678986,False,True,False,UNEXPLAINED,,,,
SFBT,SFBT,2024-07-09,12.48,146031,-0.0055776892430279,3.575137373489129,-0.2208867610522116,True,False,False,UNEXPLAINED,,,,
SFBT,SFBT,2024-08-22,12.19,973709,-0.0008196721311475,4.097390156751871,0.1031716234190153,True,False,False,UNEXPLAINED,,,,
SFBT,SFBT,2025-02-27,12.0,173384,0.0075566750629723,3.4672500032819675,0.7494460040245876,True,False,False,UNEXPLAINED,,,,
SFBT,SFBT,2025-03-27,11.95,139593,0.0092905405405405,3.0640521754777827,0.9011069207226956,True,False,False,EXPLAINED,Près de 300 millions de dinars de bénéfice pour le Groupe SFBT en 2024,2025-03-26,-1.0,earnings_results
SFBT,SFBT,2025-05-30,11.7,150176,-0.064,1.949038269644444,-6.4831980261715225,False,True,False,UNEXPLAINED,,,,
SFBT,SFBT,2025-06-12,12.03,589632,0.0024999999999999,3.1618552829248325,0.2014444208720792,True,False,False,EXPLAINED,"SFBT : Réalisation d'une transaction de bloc pour 4,7 millions de dinars",2025-06-16,4.0,other_news
SFBT,SFBT,2025-06-17,12.04,874031,0.0033333333333331,3.075458623986988,0.2904600902354551,True,False,False,EXPLAINED,"SFBT : Réalisation d'une transaction de bloc pour 4,7 millions de dinars",2025-06-16,-1.0,other_news
SFBT,SFBT,2025-06-20,12.79,114353,0.0561519405450041,1.1691283319752426,5.089154581542229,False,True,False,EXPLAINED,"SFBT : Réalisation d'une transaction de bloc pour 4,7 millions de dinars",2025-06-16,-4.0,other_news
SFBT,SFBT,2026-01-28,13.65,60533,0.0467791411042946,0.8252742701438427,4.5431725717809766,False,True,False,EXPLAINED,La SFBT annonce plus de 840 millions de dinars de chiffre d’affaires en 2025,2026-01-31,3.0,earnings_results
SFBT,SFBT,2026-03-30,13.95,87228,0.0418222554144882,1.22143630276851,4.024759331699023,False,True,False,EXPLAINED,Année 2025 record pour la SFBT avec un bénéfice consolidé de 300 millions de dinars,2026-03-27,-3.0,earnings_results
SFBT,SFBT,2026-03-31,14.5,70193,0.039426523297491,0.977281437784656,3.323861322047672,False,True,False,EXPLAINED,Année 2025 record pour la SFBT avec un bénéfice consolidé de 300 millions de dinars,2026-03-27,-4.0,earnings_results
SFBT,SFBT,2026-06-12,14.55,24239,-0.0490196078431373,-0.2181794769671419,-4.302088541631657,False,True,False,UNEXPLAINED,,,,
SIAME,SIAME,2021-07-16,4.09,8778,-0.0704545454545455,1.0349961596681123,-6.107153857142727,False,True,False,UNEXPLAINED,,,,
SIAME,SIAME,2021-10-21,4.47,99240,0.0542452830188677,1.8198334455772465,4.410296955715048,False,True,False,EXPLAINED,STEG : Le consortium SAGEM-SIAME aurait remporté la majorité des lots de l’Appel d’Offres Smart Grid,2021-10-21,0.0,other_news
SIAME,SIAME,2022-05-24,3.8,24781,0.0555555555555555,1.1825087222952273,3.734287479081472,False,True,False,UNEXPLAINED,,,,
SIAME,SIAME,2022-10-03,3.71,367291,0.06,3.179107458811164,6.145487727891854,True,True,True,UNEXPLAINED,,,,
SIAME,SIAME,2022-10-17,3.68,579746,-0.0054054054054054,3.0464969611193924,-0.3966450073723805,True,False,False,EXPLAINED,La SIAME voit ses revenus reculer de 23% à fin septembre à 22 millions de dinars,2022-10-21,4.0,earnings_results
SIAME,SIAME,2022-10-26,3.65,695685,0.0428571428571429,2.998822040500768,3.569190171817031,False,True,False,EXPLAINED,La SIAME voit ses revenus reculer de 23% à fin septembre à 22 millions de dinars,2022-10-21,-5.0,earnings_results
SIAME,SIAME,2022-11-22,3.79,154420,0.0527777777777778,2.10116158859815,3.972019753607545,False,True,False,UNEXPLAINED,,,,
SIAME,SIAME,2023-04-25,3.17,8826,-0.0364741641337386,0.8846873453396595,-3.1385166565965785,False,True,False,UNEXPLAINED,,,,
SIAME,SIAME,2023-05-17,3.06,13651,0.0551724137931035,1.0881918093214196,4.918157225538632,False,True,False,EXPLAINED,La SIAME remporte un marché de la STEG pour plus de 8 millions de dinars,2023-05-16,-1.0,other_news
SIAME,SIAME,2023-06-06,3.1,5498,0.0367892976588628,0.701408246712276,3.181267859539224,False,True,False,UNEXPLAINED,,,,
SIAME,SIAME,2023-06-15,3.36,4813,0.0532915360501566,0.625044429096459,3.942139071614714,False,True,False,UNEXPLAINED,,,,
SIAME,SIAME,2023-10-23,3.67,29302,0.0485714285714284,1.9052512489227065,4.430504846907828,False,True,False,UNEXPLAINED,,,,
SIAME,SIAME,2023-11-02,3.75,7760,0.0359116022099448,1.2562624147535877,3.073078233083556,False,True,False,UNEXPLAINED,,,,
SIAME,SIAME,2024-04-23,3.67,36458,0.0545977011494251,1.355664675874258,5.10309612528862,False,True,False,EXPLAINED,Les revenus de la SIAME s'envolent de 37% au premier trimestre à 12 millions de dinars,2024-04-23,0.0,earnings_results
SIAME,SIAME,2024-05-15,3.7,178005,0.0422535211267607,2.02441715785454,3.791387891026196,False,True,False,EXPLAINED,La SIAME remporte trois lots d'un appel d'offres de la STEG pour plus de 4 millions de dinars,2024-05-10,-5.0,other_news
SIAME,SIAME,2024-11-25,3.53,599101,0.035190615835777,2.7731982727929125,3.129678808104988,False,True,False,UNEXPLAINED,,,,
SIAME,SIAME,2025-03-18,3.43,80299,0.0457317073170733,1.4929136485613512,4.436604226251837,False,True,False,UNEXPLAINED,,,,
SIAME,SIAME,2025-05-16,3.39,1749,0.043076923076923,-0.6005498249291069,3.0597180195687352,False,True,False,UNEXPLAINED,,,,
SIAME,SIAME,2025-05-19,3.2,501,-0.056047197640118,-1.3440279871746217,-3.757676786236593,False,True,False,UNEXPLAINED,,,,
SIAME,SIAME,2025-06-13,2.97,14668,-0.057142857142857,0.8911083875720861,-3.226781471863887,False,True,False,UNEXPLAINED,,,,
SIAME,SIAME,2025-06-24,2.88,18107,0.0588235294117645,1.0088946395590466,3.363573889805501,False,True,False,UNEXPLAINED,,,,
SIMPA,SIMPA,2024-11-26,35.9,50,0.0436046511627907,0.2091544160559703,4.3163431767306255,False,True,False,UNEXPLAINED,,,,
SIMPA,SIMPA,2025-01-22,34.4,1,-0.0417827298050139,-1.7435939707305317,-4.30960422237543,False,True,False,UNEXPLAINED,,,,
SIMPA,SIMPA,2026-04-22,34.4,6,-0.0417827298050139,-0.9135919104704552,-4.204947382650214,False,True,False,UNEXPLAINED,,,,
SIMPA,SIMPA,2026-05-15,35.9,10,0.0436046511627907,-0.5424573351151238,3.677217861380189,False,True,False,UNEXPLAINED,,,,
SIMPA,SIMPA,2026-05-21,34.4,10,-0.0417827298050139,-0.5333807830587881,-3.026804266604395,False,True,False,UNEXPLAINED,,,,
SIPHA,SIPHAT,2023-11-29,4.47,53,-0.1613508442776736,0.0748131720863627,-11.936649583385018,False,True,False,UNEXPLAINED,,,,
SIPHA,SIPHAT,2024-12-18,4.45,44,-0.160377358490566,0.0800917562669498,-4.757001484006771,False,True,False,UNEXPLAINED,,,,
SIPHA,SIPHAT,2025-07-03,3.8,116,-0.1739130434782608,0.3328925181814176,-6.680132064339283,False,True,False,UNEXPLAINED,,,,
SIPHA,SIPHAT,2026-03-09,4.46,260,0.1377551020408163,1.4353848372514435,3.5215661872944897,False,True,False,UNEXPLAINED,,,,
SIPHA,SIPHAT,2026-04-21,4.01,22,-0.1468085106382979,-0.0583829970275603,-5.085542328802075,False,True,False,UNEXPLAINED,,,,
SITS,SITS,2022-07-05,2.3,322237,0.1219512195121952,3.3072684466900064,4.321047565478861,True,True,True,UNEXPLAINED,,,,
SITS,SITS,2023-10-16,1.66,3233,0.0849673202614378,1.5633814794546574,5.522119251369899,False,True,False,UNEXPLAINED,,,,
SITS,SITS,2024-06-05,1.9,194542,,3.915550951226198,,True,False,False,EXPLAINED,Le promoteur immobilier SITS multiplie ses bénéfices quasiment par quatre en 2023,2024-06-05,0.0,earnings_results
SITS,SITS,2024-06-19,1.74,850,-0.0842105263157894,0.2766697968167591,-4.442128034067511,False,True,False,UNEXPLAINED,,,,
SITS,SITS,2024-06-28,1.9,28875,0.0919540229885056,2.3276344253932897,4.305887801381116,False,True,False,UNEXPLAINED,,,,
SITS,SITS,2024-08-15,1.7,1165,-0.15,0.3963201660686349,-5.777685425189269,False,True,False,UNEXPLAINED,,,,
SITS,SITS,2024-08-16,1.89,2,0.1117647058823529,-2.9829402646110554,3.3083848582518582,False,True,False,UNEXPLAINED,,,,
SITS,SITS,2024-10-21,1.9,259329,0.0,3.3119101046978066,-0.0394364931909182,True,False,False,UNEXPLAINED,,,,
SITS,SITS,2025-09-24,3.55,43,0.0790273556231002,-1.0558192995358031,3.747951107337759,False,True,False,UNEXPLAINED,,,,
SITS,SITS,2025-10-01,3.0,224143,-0.1549295774647886,2.307636344738303,-7.553997656835884,False,True,False,UNEXPLAINED,,,,
SITS,SITS,2025-10-10,3.85,10,0.2833333333333334,-1.5390279941018623,9.130689729615968,False,True,False,UNEXPLAINED,,,,
SITS,SITS,2025-10-23,3.01,3000,-0.2181818181818182,0.6034860860630226,-4.6486755190252245,False,True,False,UNEXPLAINED,,,,
SITS,SITS,2025-10-28,3.65,4,0.212624584717608,-1.7754754314602617,3.5435197195877555,False,True,False,UNEXPLAINED,,,,
SMART,SMART TUNISIE,2022-06-07,15.372620386858678,61,-0.0901960784313726,-1.2240167369867414,-9.016569862955045,False,True,False,UNEXPLAINED,,,,
SMART,SMART TUNISIE,2022-06-13,16.167755924109994,16452,0.0608695652173914,1.753254635281175,4.0013583793635465,False,True,False,UNEXPLAINED,,,,
SMART,SMART TUNISIE,2022-10-07,13.05347506987569,1046,-0.0528846153846152,0.2202334117591098,-5.075096062726909,False,True,False,EXPLAINED,SMART Tunisie certifiée MSI 20000,2022-10-10,3.0,other_news
SMART,SMART TUNISIE,2022-10-14,13.58356542804323,5128,0.0406091370558374,1.1638357543824407,3.843569857995833,False,True,False,EXPLAINED,Les revenus de SMART Tunisie s'envolent de 30% au troisième trimestre,2022-10-18,4.0,earnings_results
SMART,SMART TUNISIE,2022-10-18,14.305813541046504,5236,0.0583333333333333,1.1425504086473142,4.794899859540205,False,True,False,EXPLAINED,Les revenus de SMART Tunisie s'envolent de 30% au troisième trimestre,2022-10-18,0.0,earnings_results
SMART,SMART TUNISIE,2023-03-29,15.20034102045423,43851,0.0595842956120094,2.3409181889325144,3.3410818860534164,False,True,False,EXPLAINED,SMART Tunisie annonce un bénéfice net de 18 millions de dinars en 2022,2023-03-28,-1.0,earnings_results
SMART,SMART TUNISIE,2023-04-06,15.10757520777491,1511409,0.0004387889425188,3.872408607605279,0.017795571140533,True,False,False,UNEXPLAINED,,,,
SMART,SMART TUNISIE,2023-10-06,13.628571424677553,177,0.0453648915187376,-0.4379144536827072,4.522443891069535,False,True,False,UNEXPLAINED,,,,
SMART,SMART TUNISIE,2023-10-09,13.079999996262856,32,-0.0402515723270442,-1.3423338550331747,-3.171226924187461,False,True,False,UNEXPLAINED,,,,
SMART,SMART TUNISIE,2023-10-10,13.58571428183265,375,0.0386631716906944,0.0224731842085694,3.0968706374995705,False,True,False,UNEXPLAINED,,,,
SMART,SMART TUNISIE,2023-11-23,12.95999999629714,12154,0.0573426573426572,1.557108768649745,3.350456094914116,False,True,False,EXPLAINED,SMART Tunisie devient distributeur des Smartphones et Tablettes SAMSUNG en Tunisie,2023-11-27,4.0,other_news
SMART,SMART TUNISIE,2024-06-12,13.628571424677553,9395,-0.0484739676840212,1.1969757435489563,-3.4398251339764543,False,True,False,UNEXPLAINED,,,,
SMART,SMART TUNISIE,2024-07-23,14.374285710178771,7457,0.0547169811320751,0.8415546710670047,3.166667205418382,False,True,False,EXPLAINED,SMART Tunisie : Une croissance fulgurante de 30% du chiffre d'affaires au deuxième trimestre,2024-07-22,-1.0,earnings_results
SMART,SMART TUNISIE,2024-08-12,13.971428567436734,2107073,-0.0018371096142069,3.517716723031769,-0.1064995770700114,True,False,False,EXPLAINED,Mouvements intrafamiliaux sur le titre SMART Tunisie,2024-08-16,4.0,other_news
SMART,SMART TUNISIE,2024-11-01,14.537142852989389,14967,0.05015479876161,0.922977441391575,3.4106668865619163,False,True,False,EXPLAINED,SMART Tunisie : Augmentation de capital annoncée,2024-10-31,-1.0,capital_increase
SMART,SMART TUNISIE,2025-03-13,13.8,16357,0.0454545454545456,1.2496439178451466,3.3796614764867448,False,True,False,UNEXPLAINED,,,,
SMART,SMART TUNISIE,2025-06-19,12.19,525,-0.0936802973977695,-0.4482414760166132,-9.048904082051044,False,True,False,UNEXPLAINED,,,,
SMART,SMART TUNISIE,2025-06-27,12.5,484975,0.0,3.578135180824438,0.0584441663581555,True,False,False,UNEXPLAINED,,,,
SMART,SMART TUNISIE,2025-07-03,13.1,8221,0.048,0.9598470680686306,3.341117370059484,False,True,False,UNEXPLAINED,,,,
SMART,SMART TUNISIE,2025-10-31,18.0,12598,0.0532475131655938,1.36564916596618,3.266130433434505,False,True,False,UNEXPLAINED,,,,
SMART,SMART TUNISIE,2025-12-05,18.65,24386,0.0477528089887639,1.5005973380292974,3.134578829701033,False,True,False,UNEXPLAINED,,,,
SMART,SMART TUNISIE,2026-01-30,18.96,1516,-0.0375634517766496,-0.1758901980616982,-3.0638692668720404,False,True,False,UNEXPLAINED,,,,
SMART,SMART TUNISIE,2026-02-19,20.85,8312,0.0424999999999999,1.0763918737488822,3.004919876947981,False,True,False,EXPLAINED,Réorganisation patrimoniale chez SMART Tunisie : Myriam ESSAFI crée sa holding KATHARA INVEST,2026-02-26,7.0,other_news
SMART,SMART TUNISIE,2026-02-25,21.35,2975036,-0.0018700327255726,5.088081260481837,-0.3377862179581528,True,False,False,EXPLAINED,Réorganisation patrimoniale chez SMART Tunisie : Myriam ESSAFI crée sa holding KATHARA INVEST,2026-02-26,1.0,other_news
SMART,SMART TUNISIE,2026-04-03,21.0,7239,0.0552763819095478,0.8996774658816361,3.856933708281912,False,True,False,EXPLAINED,Bénéfice record de 21 millions de dinars pour SMART Tunisie en 2025,2026-04-06,3.0,earnings_results
SMART,SMART TUNISIE,2026-04-06,22.26,22698,0.06,1.5281889827921,3.7176569299402176,False,True,False,EXPLAINED,Bénéfice record de 21 millions de dinars pour SMART Tunisie en 2025,2026-04-06,0.0,earnings_results
SMART,SMART TUNISIE,2026-04-08,24.02,10736,0.0790655884995505,1.0481114270912286,4.426456211291766,False,True,False,EXPLAINED,Bénéfice record de 21 millions de dinars pour SMART Tunisie en 2025,2026-04-06,-2.0,earnings_results
SMD,SMD,2022-04-01,2.37,20,0.0871559633027523,-0.9577114506114868,3.2373393556858154,False,True,False,UNEXPLAINED,,,,
SMD,SMD,2024-09-12,1.17,500,0.1699999999999999,0.5663523533182467,4.3542430238734,False,True,False,UNEXPLAINED,,,,
SMD,SMD,2025-04-21,0.68,1500,0.2592592592592593,0.996370695926236,5.024056547702341,False,True,False,UNEXPLAINED,,,,
SMD,SMD,2025-12-19,0.53,250,-0.208955223880597,0.2028776204320381,-4.497290392037551,False,True,False,UNEXPLAINED,,,,
SOKNA,ESSOUKNA,2022-03-23,2.24,500,-0.0819672131147539,1.0805828569460607,-3.162294186484865,False,True,False,UNEXPLAINED,,,,
SOKNA,ESSOUKNA,2022-05-27,2.18,1000,-0.084033613445378,1.4049901875420543,-3.4256283319271885,False,True,False,UNEXPLAINED,,,,
SOKNA,ESSOUKNA,2022-09-26,2.6,55,-0.0714285714285712,-0.0147950757362257,-3.27208611403503,False,True,False,UNEXPLAINED,,,,
SOKNA,ESSOUKNA,2022-10-14,2.65,286,-0.0701754385964913,0.6555147892738484,-3.628295884114601,False,True,False,EXPLAINED,Le promoteur immobilier ESSOUKNA augmente de 150% ses revenus à fin septembre,2022-10-18,4.0,earnings_results
SOKNA,ESSOUKNA,2022-11-23,2.29,10,-0.1226053639846742,-0.83599801058246,-4.931411692077391,False,True,False,UNEXPLAINED,,,,
SOKNA,ESSOUKNA,2025-11-25,2.92,47274,0.0735294117647058,1.9985502325265008,3.0170250279896567,False,True,False,UNEXPLAINED,,,,
SOKNA,ESSOUKNA,2025-11-28,3.35,87759,0.1472602739726027,2.2190684664554867,5.806202062119358,False,True,False,UNEXPLAINED,,,,
SOMOC,SOMOCER,2021-10-12,0.91,171787,0.058139534883721,1.9975503321450525,5.209021424847892,False,True,False,UNEXPLAINED,,,,
SOMOC,SOMOCER,2022-07-05,0.84,123115,0.0370370370370369,1.503146673319964,3.227062888016068,False,True,False,UNEXPLAINED,,,,
SOMOC,SOMOCER,2022-07-06,0.88,196031,0.0476190476190476,1.7069675467735883,3.760659978439002,False,True,False,UNEXPLAINED,,,,
SOMOC,SOMOCER,2022-08-31,0.9,292784,0.0588235294117647,1.8785385709267897,3.8204349819903465,False,True,False,UNEXPLAINED,,,,
SOMOC,SOMOCER,2022-09-01,0.95,513374,0.0555555555555555,2.1617112612735934,3.1752226104370345,False,True,False,UNEXPLAINED,,,,
SOMOC,SOMOCER,2023-06-27,0.8,185148,-0.0361445783132529,2.5170388809823905,-3.2124069609714496,False,True,False,EXPLAINED,La guerre en Ukraine a pesé sur les marges de SOMOCER en 2022,2023-06-26,-1.0,other_news
SOMOC,SOMOCER,2023-07-21,0.78,21635,-0.037037037037037,0.8043512671164322,-3.2065332048884967,False,True,False,EXPLAINED,"L'export freine, SOMOCER voit ses revenus semestriels baisser de 7%",2023-07-26,5.0,earnings_results
SOMOC,SOMOCER,2023-09-13,0.74,10456,0.0422535211267605,0.222386068481234,3.139043258986492,False,True,False,UNEXPLAINED,,,,
SOMOC,SOMOCER,2023-09-22,0.73,27856,-0.0519480519480519,0.7743540168351213,-3.3727039530436063,False,True,False,EXPLAINED,SOMOCER retourne presque à l'équilibre au premier semestre,2023-09-28,6.0,other_news
SOMOC,SOMOCER,2024-04-23,0.59,43368,0.0535714285714283,0.9971758115910276,3.61345744155694,False,True,False,UNEXPLAINED,,,,
SOMOC,SOMOCER,2024-05-07,0.57,17564,-0.05,0.3621898785776855,-3.0902880653633056,False,True,False,EXPLAINED,Chute de 34 % des revenus de SOMOCER au premier trimestre,2024-05-06,-1.0,earnings_results
SOMOC,SOMOCER,2024-05-16,0.51,73584,0.108695652173913,1.050790118444689,5.607078209273496,False,True,False,EXPLAINED,Le Tribunal de Monastir nomme un mandataire judiciaire pour SOMOCER,2024-05-11,-5.0,other_news
SOMOC,SOMOCER,2025-05-13,0.6,170482,-0.2105263157894736,1.3611172897435737,-14.703770090205062,False,True,False,UNEXPLAINED,,,,
SOMOC,SOMOCER,2025-05-20,0.71,201843,0.109375,1.4310450168678042,3.492441122027176,False,True,False,UNEXPLAINED,,,,
SOMOC,SOMOCER,2025-12-24,0.45,111,0.0465116279069768,-1.823643364700016,3.2167878910198864,False,True,False,UNEXPLAINED,,,,
SOMOC,SOMOCER,2026-01-19,0.53,29712,0.0816326530612245,1.3766913273656836,4.759012169471342,False,True,False,UNEXPLAINED,,,,
SOMOC,SOMOCER,2026-01-26,0.63,148323,0.0677966101694915,1.977615185155825,3.144916560824514,False,True,False,UNEXPLAINED,,,,
SOMOC,SOMOCER,2026-02-06,0.55,89894,-0.140625,1.474891204097294,-6.120570611388575,False,True,False,UNEXPLAINED,,,,
SOMOC,SOMOCER,2026-04-15,0.65,64616,-0.1875,0.6895025802275806,-6.04938300136189,False,True,False,UNEXPLAINED,,,,
SOPAT,SOPAT,2021-09-24,1.3,416,-0.084507042253521,0.1886098605898694,-5.426125545871057,False,True,False,EXPLAINED,"La SOPAT annonce une perte nette de 3,4 millions de dinars au premier semestre",2021-10-01,7.0,earnings_results
SOPAT,SOPAT,2021-10-05,1.41,100,0.0846153846153845,-0.279819773474383,4.322378201709326,False,True,False,EXPLAINED,"La SOPAT annonce une perte nette de 3,4 millions de dinars au premier semestre",2021-10-01,-4.0,earnings_results
SOPAT,SOPAT,2021-11-11,1.33,233,-0.0827586206896551,0.0285797071398495,-3.4214131993061034,False,True,False,UNEXPLAINED,,,,
SOPAT,SOPAT,2022-07-04,1.34,760,-0.056338028169014,-0.3117993264824384,-4.592708855248,False,True,False,UNEXPLAINED,,,,
SOPAT,SOPAT,2022-07-05,1.42,1,0.0597014925373133,-2.9695103541041545,4.275554265011389,False,True,False,UNEXPLAINED,,,,
SOPAT,SOPAT,2022-09-01,1.51,5584,0.055944055944056,0.6367417133420403,3.584628147569453,False,True,False,UNEXPLAINED,,,,
SOPAT,SOPAT,2022-11-01,1.45,420,0.0431654676258992,-0.9599929776733406,3.40321280912237,False,True,False,UNEXPLAINED,,,,
SOPAT,SOPAT,2023-04-24,1.48,13835,0.0571428571428571,0.7686749667854625,3.0485443811975097,False,True,False,UNEXPLAINED,,,,
SOPAT,SOPAT,2023-08-15,1.88,9397,0.0561797752808987,0.5646307461137992,3.2325875209995134,False,True,False,UNEXPLAINED,,,,
SOTEM,SOTEM,2024-09-23,1.25,50,0.2626262626262625,-0.2059636503006999,4.961153323575284,False,True,False,EXPLAINED,La SOTEMAIL annonce une perte semestrielle de 7 millions de dinars,2024-09-25,2.0,other_news
SOTET,SOTETEL,2021-10-07,3.67,10198,0.0485714285714284,1.1333515012253377,3.2536107092728286,False,True,False,UNEXPLAINED,,,,
SOTET,SOTETEL,2021-10-28,3.04,85038,-0.0559006211180124,2.073931902097482,-3.0518438037286035,False,True,False,EXPLAINED,"La SOTETEL améliore de 28% ses revenus à fin septembre, l'EBITDA passe au vert",2021-10-26,-2.0,earnings_results
SOTET,SOTETEL,2021-11-01,3.1,21674,0.054421768707483,1.2927107543574832,3.1236738234393626,False,True,False,EXPLAINED,"La SOTETEL améliore de 28% ses revenus à fin septembre, l'EBITDA passe au vert",2021-10-26,-6.0,earnings_results
SOTET,SOTETEL,2021-11-08,3.26,69711,0.0584415584415582,1.686014847049537,3.038228540597164,False,True,False,EXPLAINED,La société koweitienne Alatheer Communic Fund allège sa participation dans le capital de SOTETEL,2021-11-11,3.0,other_news
SOTET,SOTETEL,2022-06-13,2.65,1271,-0.0363636363636363,-0.1451444758718078,-3.174353494835443,False,True,False,EXPLAINED,La SOTETEL retombe dans le rouge en 2021,2022-06-13,0.0,other_news
SOTET,SOTETEL,2022-06-20,2.84,11476,0.0557620817843866,1.1425413675038918,4.550774714542774,False,True,False,EXPLAINED,La SOTETEL retombe dans le rouge en 2021,2022-06-13,-7.0,other_news
SOTET,SOTETEL,2022-07-27,2.99,27930,0.0565371024734981,1.6172418838002922,3.581255831914738,False,True,False,UNEXPLAINED,,,,
SOTET,SOTETEL,2022-07-28,3.16,52108,0.0568561872909698,1.9307537856458483,3.2145454089505523,False,True,False,UNEXPLAINED,,,,
SOTET,SOTETEL,2022-09-16,3.16,29097,-0.0595238095238094,1.1869708847795042,-3.0657770008330685,False,True,False,EXPLAINED,La SOTETEL renoue avec les bénéfices au premier semestre,2022-09-19,3.0,earnings_results
SOTET,SOTETEL,2024-03-05,3.94,28963,0.0591397849462365,1.9289260352840525,3.515743623125634,False,True,False,EXPLAINED,La SOTETEL lance une nouvelle campagne de recrutement pour 2024,2024-02-28,-6.0,other_news
SOTET,SOTETEL,2024-05-07,5.59,133541,0.1694560669456066,2.327492244239538,8.181378400961892,False,True,False,EXPLAINED,La SOTETEL poursuit son dynamisme commercial au premier trimestre de 2024,2024-05-10,3.0,other_news
SOTET,SOTETEL,2024-09-20,6.0,24239,-0.0769230769230768,0.9874039495740042,-5.095564173331915,False,True,False,UNEXPLAINED,,,,
SOTET,SOTETEL,2025-04-10,6.35,29283,-0.0494011976047904,1.517660620799001,-3.713648042578572,False,True,False,UNEXPLAINED,,,,
SOTET,SOTETEL,2025-04-11,6.02,43367,-0.0519685039370079,1.804953571264092,-3.4724343784186047,False,True,False,UNEXPLAINED,,,,
SOTET,SOTETEL,2025-04-14,6.32,19224,0.0498338870431895,1.0341927988452464,3.379378817819967,False,True,False,UNEXPLAINED,,,,
SOTET,SOTETEL,2025-04-23,6.64,8259,0.05229793977813,0.3515408814451918,3.2377820729417577,False,True,False,UNEXPLAINED,,,,
SOTET,SOTETEL,2025-07-29,6.0,57276,-0.1428571428571429,2.3110700988425643,-11.502223680584343,False,True,False,EXPLAINED,"SOTETEL : Un premier semestre en demi-teinte, mais des signes de reprise en vue",2025-07-24,-5.0,other_news
SOTET,SOTETEL,2025-12-31,5.21,34136,0.0378486055776894,2.881742395793254,3.093724281294056,False,True,False,UNEXPLAINED,,,,
SOTET,SOTETEL,2026-01-22,5.59,4571,0.0587121212121211,0.7797328902023899,4.392915929793109,False,True,False,EXPLAINED,La SOTETEL boucle 2025 avec un chiffre d'affaires record de plus de 77 millions de dinars,2026-01-23,1.0,earnings_results
SOTET,SOTETEL,2026-01-23,5.92,33818,0.0590339892665474,2.571979201238425,3.778121490203227,False,True,False,EXPLAINED,La SOTETEL boucle 2025 avec un chiffre d'affaires record de plus de 77 millions de dinars,2026-01-23,0.0,earnings_results
SOTET,SOTETEL,2026-01-27,6.35,50064,0.072635135135135,2.735642663942146,4.148530375571825,False,True,False,EXPLAINED,La SOTETEL boucle 2025 avec un chiffre d'affaires record de plus de 77 millions de dinars,2026-01-23,-4.0,earnings_results
SOTET,SOTETEL,2026-04-30,10.14,66990,0.1229235880398673,1.6060576083276263,5.4623064955165175,False,True,False,EXPLAINED,La SOTETEL augmente de 13% ses bénéfices en 2025,2026-04-28,-2.0,earnings_results
SOTUV,SOTUVER,2022-04-26,6.3039431375867325,1877,-0.0324675324675324,-0.1180724075408436,-3.262388038625811,False,True,False,UNEXPLAINED,,,,
SOTUV,SOTUVER,2022-05-26,6.769334912844813,25372,0.0416666666666667,1.3051701086610854,4.095383220453393,False,True,False,EXPLAINED,"La SOTUVER propose un dividende de 0,400 dinar et augmente son capital de 6 millions de dinars",2022-05-25,-1.0,dividend
SOTUV,SOTUVER,2022-06-24,7.446268404129295,29444,0.0602409638554215,1.170568267828012,5.805061913175145,False,True,False,UNEXPLAINED,,,,
SOTUV,SOTUVER,2022-07-28,8.2,5723,0.0420172043010751,-0.364799980957775,3.086691156950934,False,True,False,UNEXPLAINED,,,,
SOTUV,SOTUVER,2023-04-11,9.75,55304,0.0361317747077576,2.240713547471574,3.664921933141625,False,True,False,UNEXPLAINED,,,,
SOTUV,SOTUVER,2023-04-19,10.39,61755,0.0421263791374122,2.0771908964627905,3.5806511653091078,False,True,False,EXPLAINED,La SOTUVER réalise un chiffre d'affaires de 37 millions de dinars au premier trimestre,2023-04-25,6.0,earnings_results
SOTUV,SOTUVER,2023-05-17,11.78,17908,0.0517857142857143,0.7635662902602658,3.6874526546766897,False,True,False,EXPLAINED,"La SOTUVER dépasse les 500 millions de dinars de capitalisation boursière, une première",2023-05-24,7.0,other_news
SOTUV,SOTUVER,2023-05-18,12.48,60251,0.0594227504244482,1.9047220170500752,3.7944522557608416,False,True,False,EXPLAINED,"La SOTUVER dépasse les 500 millions de dinars de capitalisation boursière, une première",2023-05-24,6.0,other_news
SOTUV,SOTUVER,2023-05-26,12.06,114138,-0.0592823712948518,2.038724331923435,-3.925365783226173,False,True,False,EXPLAINED,La SOTUVER annonce un bénéfice record de 30 millions de dinars en 2022,2023-05-26,0.0,earnings_results
SOTUV,SOTUVER,2023-06-21,12.49,2432677,-0.0087301587301587,4.78000006630221,-0.7686974797508221,True,False,False,EXPLAINED,Assemblée annuelle : La SOTUVER sur la bonne voie pour atteindre ses objectifs financiers,2023-06-21,0.0,other_news
SOTUV,SOTUVER,2023-11-09,11.45,3011,0.0333935018050541,-0.6881733310401629,3.524956836854418,False,True,False,UNEXPLAINED,,,,
SOTUV,SOTUVER,2023-11-22,11.7,94063,0.0299295774647887,3.0191991454104468,3.1606371737953185,True,True,True,EXPLAINED,Ouverture du Capital de la SOTUVER : Aucun accord n’a été conclu,2023-11-22,0.0,other_news
SOTUV,SOTUVER,2024-03-29,13.14,2619069,0.012326656394453,6.3508493717052685,1.2042930857730063,True,False,False,EXPLAINED,SOTUVER : Réalisation de deux transactions de bloc pour plus de 33 millions de dinars,2024-03-29,0.0,other_news
SOTUV,SOTUVER,2024-04-23,12.4,319633,-0.0297339593114239,3.2922539667625514,-3.0406294371833558,True,True,True,EXPLAINED,SOTUVER : Baisse de 26% des revenus au premier trimestre,2024-04-23,0.0,earnings_results
SOTUV,SOTUVER,2024-09-12,11.45,126268,-0.0418410041841004,2.944203170743476,-4.125149888595348,False,True,False,UNEXPLAINED,,,,
SOTUV,SOTUVER,2024-10-08,12.38,36517,0.0403361344537815,1.7945093564824373,4.147718112468933,False,True,False,EXPLAINED,"MAC SA recommande SOTUVER à l'achat avec un cours cible à 14,620 dinars",2024-10-07,-1.0,other_news
SOTUV,SOTUVER,2024-11-08,12.52,264491,0.0262295081967214,3.4510630783899434,2.4328383742508355,True,False,False,UNEXPLAINED,,,,
SOTUV,SOTUVER,2024-11-25,12.39,205900,0.0073170731707317,3.12668309071956,0.6304868220897255,True,False,False,UNEXPLAINED,,,,
SOTUV,SOTUVER,2024-12-30,12.7,741081,0.0039525691699604,3.660568629957424,0.272475959436447,True,False,False,UNEXPLAINED,,,,
SOTUV,SOTUVER,2025-02-21,14.2,51946,0.0372534696859021,1.290148160875789,3.5432877567093373,False,True,False,UNEXPLAINED,,,,
SOTUV,SOTUVER,2025-03-04,14.15,25965,0.0351133869787856,0.6133097009100804,3.377484853973134,False,True,False,UNEXPLAINED,,,,
SOTUV,SOTUVER,2025-03-25,14.2,1156566,0.0070921985815601,4.142709441654484,0.4733683224288255,True,False,False,EXPLAINED,SOTUVER : Le récit d’un success story Made in Tunisia,2025-03-26,1.0,other_news
SOTUV,SOTUVER,2025-09-19,13.73,43636,0.0323308270676692,1.9518501436121656,3.2535534206305705,False,True,False,EXPLAINED,Le groupe SOTUVER double son bénéfice semestriel à 26 millions de dinars,2025-09-18,-1.0,earnings_results
SOTUV,SOTUVER,2025-12-08,13.18,267579,-0.0052830188679245,4.339285291724746,-0.5054837686600524,True,False,False,UNEXPLAINED,,,,
SOTUV,SOTUVER,2025-12-19,13.9,103612,0.0538286580742988,2.8775660717791576,5.441992071032256,False,True,False,EXPLAINED,SOTUVER officialise la cession de 41% de son capital à la société BA Glass,2025-12-18,-1.0,other_news
SOTUV,SOTUVER,2026-01-27,14.4,52982,0.0434782608695651,1.6633850527912954,3.82374715371539,False,True,False,EXPLAINED,Le Groupe SOTUVER annonce des revenus de plus de 260 millions de dinars en 2025,2026-01-23,-4.0,earnings_results
SOTUV,SOTUVER,2026-02-27,15.97,105014,0.0541254125412542,1.9077998742985791,4.173458153364778,False,True,False,UNEXPLAINED,,,,
SOTUV,SOTUVER,2026-03-11,16.84,149149,0.0524999999999999,2.4372850126532284,3.3852777312619464,False,True,False,EXPLAINED,Le géant européen B.A. GLASS s'apprête à prendre le contrôle de la SOTUVER,2026-03-12,1.0,other_news
SOTUV,SOTUVER,2026-03-26,17.51,129326,0.0599273607748185,2.0232900018367417,3.485630788329273,False,True,False,EXPLAINED,Le géant néerlandais BA GLASS lance une OPA visant le reste du capital de la SOTUVER,2026-04-02,7.0,buyout_opr
SOTUV,SOTUVER,2026-04-16,17.59,11456976,0.035924617196702,6.568133276869666,1.8028126419909816,True,False,False,UNEXPLAINED,,,,
SPDIT,SPDIT - SICAF,2021-10-05,8.0,218,-0.0361445783132531,0.0779690776886989,-3.1449965010447354,False,True,False,UNEXPLAINED,,,,
SPDIT,SPDIT - SICAF,2022-04-11,8.0,551009,-0.0804597701149424,4.033394421830648,-6.790813976907375,True,True,True,UNEXPLAINED,,,,
SPDIT,SPDIT - SICAF,2022-04-12,8.4,30,0.05,-0.6138599022544043,3.059983353972652,False,True,False,UNEXPLAINED,,,,
SPDIT,SPDIT - SICAF,2022-11-03,7.75,5,-0.03125,-2.483848787825865,-3.2092302024587243,False,True,False,UNEXPLAINED,,,,
SPDIT,SPDIT - SICAF,2023-04-26,7.8,650,-0.068100358422939,0.6773298677947212,-6.848454479479682,False,True,False,UNEXPLAINED,,,,
SPDIT,SPDIT - SICAF,2023-05-05,7.35,311933,0.0,4.052897879045244,0.148062561087174,True,False,False,UNEXPLAINED,,,,
SPDIT,SPDIT - SICAF,2023-08-09,7.76,1420000,0.0,3.756002388643872,0.0818702054424085,True,False,False,EXPLAINED,Groupe RIAHI cède sa participation dans le capital de la SPDIT pour 11 millions de dinars,2023-08-09,0.0,other_news
SPDIT,SPDIT - SICAF,2023-11-03,8.57,45,0.0438489646772228,-0.7544485221589405,3.6149922357601145,False,True,False,UNEXPLAINED,,,,
SPDIT,SPDIT - SICAF,2024-03-07,10.39,8098,0.0410821643286574,1.3282382707305946,3.367005456471183,False,True,False,EXPLAINED,Elyès FAKHFAKH nommé Président du conseil d'administration de la SPDIT,2024-03-06,-1.0,governance
SPDIT,SPDIT - SICAF,2024-03-08,10.0,2359,-0.0375360923965352,0.7853478655669022,-3.3154146683680423,False,True,False,EXPLAINED,Elyès FAKHFAKH nommé Président du conseil d'administration de la SPDIT,2024-03-06,-2.0,governance
SPDIT,SPDIT - SICAF,2024-04-15,10.0,1246,-0.0783410138248847,0.1067415230702604,-4.731868287457943,False,True,False,UNEXPLAINED,,,,
SPDIT,SPDIT - SICAF,2024-04-23,9.53,22270,0.0916380297823595,1.5734452555370364,4.067948826619569,False,True,False,UNEXPLAINED,,,,
SPDIT,SPDIT - SICAF,2024-07-29,12.7,6141,0.0854700854700853,2.11796542550332,4.31782642366537,False,True,False,UNEXPLAINED,,,,
SPDIT,SPDIT - SICAF,2024-10-30,12.05,2170,-0.0436507936507936,1.4712540635321367,-4.349162921327251,False,True,False,UNEXPLAINED,,,,
SPDIT,SPDIT - SICAF,2024-10-31,12.59,1972,0.0448132780082985,1.3548648595293598,3.9452490557161566,False,True,False,UNEXPLAINED,,,,
SPDIT,SPDIT - SICAF,2024-11-04,12.1,2505,-0.0396825396825396,1.4980558571203535,-3.0759486043607853,False,True,False,UNEXPLAINED,,,,
SPDIT,SPDIT - SICAF,2024-11-07,11.92,9000,-0.0448717948717949,2.2026303011310127,-3.0754145238770163,False,True,False,UNEXPLAINED,,,,
SPDIT,SPDIT - SICAF,2024-11-12,11.23,8382,-0.0641666666666666,1.9874377700307404,-3.83872399740366,False,True,False,UNEXPLAINED,,,,
SPDIT,SPDIT - SICAF,2025-02-11,12.01,99,-0.0558176100628931,-1.221930960796329,-3.2515411678522974,False,True,False,UNEXPLAINED,,,,
SPDIT,SPDIT - SICAF,2025-02-12,12.7,1470,0.057452123230641,0.3777326882466072,3.303287293084844,False,True,False,UNEXPLAINED,,,,
SPDIT,SPDIT - SICAF,2025-04-18,12.0,861,-0.0769230769230768,0.1550844266605597,-4.946571208786274,False,True,False,UNEXPLAINED,,,,
SPDIT,SPDIT - SICAF,2025-09-05,12.86,11823,0.0412955465587043,2.2127254928612805,4.112052452253435,False,True,False,UNEXPLAINED,,,,
SPDIT,SPDIT - SICAF,2025-09-08,12.15,115,-0.0552099533437013,0.1609417801481676,-5.6114117563590336,False,True,False,UNEXPLAINED,,,,
SPDIT,SPDIT - SICAF,2026-01-26,12.8,3832,-0.0303030303030301,1.1308503766840965,-3.119976779717309,False,True,False,UNEXPLAINED,,,,
SPDIT,SPDIT - SICAF,2026-02-24,14.41,7464,0.0595588235294117,1.2404222092073942,5.131143555413595,False,True,False,EXPLAINED,La SPDIT propose la distribution d'un dividende de 1 dinar par action au titre de 2025,2026-02-25,1.0,dividend
SPDIT,SPDIT - SICAF,2026-04-28,13.57,726,-0.0556715379262351,0.0834808352049804,-3.605049000615572,False,True,False,UNEXPLAINED,,,,
STA,STA,2022-06-09,18.2,2626,-0.0854271356783918,-0.2134701917785128,-6.696096205592722,False,True,False,UNEXPLAINED,,,,
STA,STA,2022-07-20,19.92,5549,0.0595744680851064,0.7966877263439008,3.650714217017062,False,True,False,UNEXPLAINED,,,,
STA,STA,2022-09-01,21.0,1281,0.05,0.1136015917792895,3.07678148287198,False,True,False,UNEXPLAINED,,,,
STA,STA,2022-09-13,23.0,4030,0.046405823475887,1.037629292595885,3.1060651098138825,False,True,False,UNEXPLAINED,,,,
STA,STA,2022-12-06,25.3,364,0.0454545454545454,-0.7636790555057615,3.100714370011457,False,True,False,UNEXPLAINED,,,,
STA,STA,2023-05-05,23.01,601,-0.0569672131147539,0.1358931471125988,-5.366614360378692,False,True,False,UNEXPLAINED,,,,
STA,STA,2023-05-08,24.35,738,0.0582355497609734,0.2689422996157127,4.604593508726985,False,True,False,UNEXPLAINED,,,,
STA,STA,2023-06-05,24.19,1243,-0.0678227360308284,0.2581452053341161,-4.37386965968648,False,True,False,UNEXPLAINED,,,,
STA,STA,2023-11-09,20.5,446,-0.034839924670433,0.3118984196326385,-3.323989874250482,False,True,False,UNEXPLAINED,,,,
STA,STA,2023-11-14,21.2,1703,0.06,0.9851346565515928,6.256584613001816,False,True,False,UNEXPLAINED,,,,
STA,STA,2023-11-16,20.0,1526,-0.0566037735849056,0.936550080078031,-4.545120981270216,False,True,False,UNEXPLAINED,,,,
STA,STA,2024-05-20,19.5,853,-0.0483162518301609,0.6277114481141359,-3.135564245835812,False,True,False,UNEXPLAINED,,,,
STA,STA,2024-05-21,20.5,30,0.0512820512820513,-0.8679786844654288,3.1801590954159566,False,True,False,UNEXPLAINED,,,,
STA,STA,2024-06-05,19.19,430,-0.058852378616969,0.4371341608896399,-3.099750494208514,False,True,False,UNEXPLAINED,,,,
STA,STA,2024-12-13,20.53,6407,0.0485188968335037,1.1834249540685646,3.010574277670674,False,True,False,UNEXPLAINED,,,,
STA,STA,2024-12-18,22.0,6059,0.059220028887819,1.100158867056141,3.368556340747669,False,True,False,UNEXPLAINED,,,,
STA,STA,2025-06-27,24.8,3397,0.0598290598290598,0.6045340656769288,3.422765888624704,False,True,False,EXPLAINED,Clôture de l'OPA sur la STA : KILANI Holding détient désormais 68% du capital,2025-06-25,-2.0,other_news
STA,STA,2025-08-01,29.04,3269,0.0598540145985402,0.6328010800473027,3.673034777648901,False,True,False,UNEXPLAINED,,,,
STA,STA,2025-10-13,31.5,710,-0.0597014925373133,0.6605998515054329,-3.222267233544188,False,True,False,UNEXPLAINED,,,,
STA,STA,2026-01-16,40.0,1908,0.0596026490066226,0.85423389738326,3.553767895296817,False,True,False,EXPLAINED,CHERY grimpe à la 3ᵉ place du marché tunisien des véhicules particuliers en 2025,2026-01-16,0.0,other_news
STA,STA,2026-01-19,42.4,834,0.06,0.3770377172027901,3.1970320208329066,False,True,False,EXPLAINED,CHERY grimpe à la 3ᵉ place du marché tunisien des véhicules particuliers en 2025,2026-01-16,-3.0,other_news
STA,STA,2026-05-07,69.53,1334,0.0599085365853659,0.441875541462874,3.1812243465438645,False,True,False,EXPLAINED,CHERY accélère sa transformation et vise la mobilité familiale mondiale,2026-05-11,4.0,other_news
STAR,STAR,2022-10-11,29.081468353425315,2747,0.0957391304347827,1.127258580373137,4.203394791986546,False,True,False,UNEXPLAINED,,,,
STAR,STAR,2023-06-09,36.9259180743437,82,-0.0362026383952776,-0.9203889569203854,-3.7261680961546015,False,True,False,UNEXPLAINED,,,,
STAR,STAR,2023-08-01,36.9259180743437,0,-0.0361445783132531,-3.0637106140762227,-3.7309532263303766,False,True,False,UNEXPLAINED,,,,
STAR,STAR,2023-08-30,40.03461880222751,2188,0.0449999999999999,0.8303241209155169,3.943956416107528,False,True,False,EXPLAINED,STAR Assurances augmente de 30% son bénéfice net semestriel à 17 millions de dinars,2023-09-04,5.0,earnings_results
STAR,STAR,2024-07-29,37.84906602620229,8,-0.04093567251462,-1.6925066650040133,-3.0307318907318708,False,True,False,UNEXPLAINED,,,,
STAR,STAR,2025-02-21,38.77221397806089,2335,0.0408921933085502,0.8441214659328543,4.045615264735601,False,True,False,EXPLAINED,STAR Assurances va élire un Administrateur représentant les actionnaires minoritaires,2025-02-21,0.0,other_news
STAR,STAR,2025-03-12,42.0055396794456,706,0.1201304695673577,0.2756392094859499,11.98700583385565,False,True,False,EXPLAINED,STAR Assurances s'envole en Bourse après la publication de bons résultats,2025-03-17,5.0,earnings_results
STAR,STAR,2025-03-13,44.71728678803022,28463,0.0645568924784354,1.932243796215342,3.406757289239356,False,True,False,EXPLAINED,STAR Assurances s'envole en Bourse après la publication de bons résultats,2025-03-17,4.0,earnings_results
STAR,STAR,2025-09-12,48.23448048461146,277,0.0450000000000001,0.1442022871269568,4.480956697792068,False,True,False,EXPLAINED,STAR Assurances améliore de 45 % son bénéfice net au premier semestre 2025,2025-09-11,-1.0,earnings_results
STAR,STAR,2025-09-15,50.28848467749683,831,0.0425837320574162,0.6424906329928283,4.164245728449505,False,True,False,EXPLAINED,STAR Assurances améliore de 45 % son bénéfice net au premier semestre 2025,2025-09-11,-4.0,earnings_results
STAR,STAR,2025-09-17,54.90422443678979,5866,0.0917852225791646,1.5843238662235124,8.657226224949548,False,True,False,EXPLAINED,STAR Assurances améliore de 45 % son bénéfice net au premier semestre 2025,2025-09-11,-6.0,earnings_results
STAR,STAR,2025-10-06,50.69236190643496,164,-0.0449999999999999,-0.3434841045898091,-3.0481282647853827,False,True,False,UNEXPLAINED,,,,
STAR,STAR,2025-12-19,55.94738162239,1542,0.0774222222222222,0.6145856868797965,3.380367897716458,False,True,False,UNEXPLAINED,,,,
STAR,STAR,2025-12-24,63.82,9117,0.0909401709401709,1.4458442980627262,3.6034044845775695,False,True,False,UNEXPLAINED,,,,
STAR,STAR,2026-04-02,61.12,651,-0.0515207945375543,-0.8548471790813229,-3.027385378629319,False,True,False,UNEXPLAINED,,,,
STB,STB BANK,2022-03-21,3.3,10744,0.0410094637223974,0.4427110605036919,3.426255033429112,False,True,False,UNEXPLAINED,,,,
STB,STB BANK,2022-04-13,3.64,24913,0.0459770114942528,1.096815422334427,3.517651059038525,False,True,False,EXPLAINED,"L'année 2021, un très bon cru pour la STB Bank",2022-04-18,5.0,other_news
STB,STB BANK,2022-04-14,3.85,71749,0.0576923076923077,1.649421145240845,4.083392329785111,False,True,False,EXPLAINED,"L'année 2021, un très bon cru pour la STB Bank",2022-04-18,4.0,other_news
STB,STB BANK,2022-09-01,4.42,26532,0.042452830188679,1.1900462584321814,3.3740532117686546,False,True,False,EXPLAINED,La STB Bank lance sa nouvelle application de paiement mobile STBPAY,2022-09-01,0.0,other_news
STB,STB BANK,2022-10-14,3.84,18041,0.0520547945205478,0.5039379155833176,3.282036210459763,False,True,False,EXPLAINED,Le Ministère des Finances lance un appel à candidature pour le choix du directeur général de la STB,2022-10-13,-1.0,other_news
STB,STB BANK,2023-04-18,3.65,945,0.0549132947976878,-0.4870582147876956,3.724647935019841,False,True,False,EXPLAINED,La STB Bank réalise en 2022 un bénéfice de 81 millions de dinars,2023-04-13,-5.0,earnings_results
STB,STB BANK,2023-04-26,3.74,2868,0.0594900849858357,0.2501049177397818,3.4571702087288045,False,True,False,EXPLAINED,La STB Bank améliore de 10% son PNB trimestriel à 175 millions de dinars,2023-04-25,-1.0,other_news
STB,STB BANK,2023-04-27,3.96,87526,0.0588235294117647,2.193479169378163,3.0648260829678167,False,True,False,EXPLAINED,La STB Bank améliore de 10% son PNB trimestriel à 175 millions de dinars,2023-04-25,-2.0,other_news
STB,STB BANK,2023-10-13,3.62,11404,0.0523255813953489,1.4050286890128676,5.386819493353397,False,True,False,UNEXPLAINED,,,,
STB,STB BANK,2024-04-03,3.16,2872,-0.0567164179104477,0.0033958404658513,-4.364185539219102,False,True,False,UNEXPLAINED,,,,
STB,STB BANK,2024-04-04,3.32,1582,0.0506329113924048,-0.3618922310933816,3.361656656986887,False,True,False,UNEXPLAINED,,,,
STB,STB BANK,2024-05-09,3.57,134945,0.0562130177514792,2.1510340129421928,3.5549055005023624,False,True,False,EXPLAINED,La STB Bank améliore sensiblement ses ratios réglementaires de liquidité au premier trimestre,2024-05-14,5.0,other_news
STB,STB BANK,2024-11-25,2.98,19267,0.0456140350877192,0.8868144491777444,3.3058607272713374,False,True,False,UNEXPLAINED,,,,
STB,STB BANK,2024-12-09,2.97,25250,0.049469964664311,1.0516098133567915,3.2865640513323253,False,True,False,UNEXPLAINED,,,,
STB,STB BANK,2025-02-03,2.77,589740,0.0335820895522387,3.1886170745548346,2.26847784535583,True,False,False,EXPLAINED,La STB lance un appel à candidature pour désigner deux Administrateurs Indépendants,2025-02-05,2.0,other_news
STB,STB BANK,2025-05-02,2.77,29700,-0.041522491349481,0.2252035411273409,-3.5085417995559505,False,True,False,EXPLAINED,"Accroissement du PNB, maîtrise des charges ... La STB renverse la tendance",2025-04-25,-7.0,other_news
STB,STB BANK,2025-07-29,2.96,131017,0.0571428571428571,2.3486994390928366,5.738868919346674,False,True,False,EXPLAINED,STB Bank : Le PNB bondit de 11 % à mi-2025 malgré un contexte exigeant,2025-07-24,-5.0,other_news
STB,STB BANK,2025-09-11,3.26,178840,0.0584415584415582,2.741148843944638,4.7685388720094295,False,True,False,EXPLAINED,La STB Bank publie son premier rapport extra-financier,2025-09-12,1.0,other_news
STB,STB BANK,2025-10-03,3.74,174932,-0.0459183673469386,1.979423978939162,-3.0768206209159583,False,True,False,UNEXPLAINED,,,,
STB,STB BANK,2025-10-23,3.81,45684,-0.054590570719603,0.4226449975706541,-3.0429808793283364,False,True,False,EXPLAINED,Hausse du PNB de la STB de plus de 6 % à fin septembre à 522 millions de dinars,2025-10-22,-1.0,other_news
STB,STB BANK,2025-12-25,3.79,21189,-0.0548628428927679,-0.1376946359840206,-3.027210747528821,False,True,False,UNEXPLAINED,,,,
STB,STB BANK,2026-04-07,4.47,120023,0.0542452830188677,2.5858553951896983,3.543251246170143,False,True,False,UNEXPLAINED,,,,
STIP,STIP,2021-11-05,2.48,625,-0.084870848708487,1.1250427465663968,-3.705593250935604,False,True,False,UNEXPLAINED,,,,
STIP,STIP,2021-11-12,2.0,1050,-0.1935483870967741,1.3096945078864954,-6.150818447018396,False,True,False,UNEXPLAINED,,,,
STIP,STIP,2021-11-19,1.7,176721,-0.15,3.438371407072238,-3.171920101703136,True,True,True,UNEXPLAINED,,,,
STIP,STIP,2022-04-08,3.55,3,0.1833333333333333,-1.2085576874230797,3.419529809407674,False,True,False,UNEXPLAINED,,,,
STIP,STIP,2022-05-23,3.01,200,-0.1638888888888889,0.261352421729595,-3.1580457342102544,False,True,False,UNEXPLAINED,,,,
STIP,STIP,2022-12-05,4.36,224,-0.164750957854406,-0.2563909558048923,-3.928120444330557,False,True,False,UNEXPLAINED,,,,
STIP,STIP,2023-05-10,3.34,2566,-0.165,0.9760187830846015,-3.1669927469607897,False,True,False,UNEXPLAINED,,,,
STIP,STIP,2024-06-18,4.2,2,0.1634349030470914,-1.715066751656488,5.376340246360488,False,True,False,UNEXPLAINED,,,,
STIP,STIP,2025-03-25,2.56,375,0.0893617021276595,0.4232562532002014,3.127138017055181,False,True,False,EXPLAINED,La STIP va élire un Administrateur représentant des actionnaires minoritaires,2025-03-21,-4.0,other_news
STIP,STIP,2025-10-02,3.7,50,0.1821086261980831,-0.3748235763306986,6.924973256256875,False,True,False,UNEXPLAINED,,,,
STIP,STIP,2026-03-13,7.16,360,0.2947558770343579,1.1402385567537785,6.730768280465685,False,True,False,UNEXPLAINED,,,,
STIP,STIP,2026-04-02,9.59,639,0.2959459459459459,1.181317924831226,4.843293896474372,False,True,False,UNEXPLAINED,,,,
STPAP,SOTIPAPIER,2022-03-25,5.24,9164,-0.038532110091743,0.3919745883100122,-3.025390284838956,False,True,False,UNEXPLAINED,,,,
STPAP,SOTIPAPIER,2022-05-17,6.1,48773,0.0445205479452055,1.941186757637279,3.0722042305508763,False,True,False,EXPLAINED,Le groupe SOTIPAPIER multiplie par 11 ses bénéfices en 2021 à plus de 18 millions de dinars,2022-05-16,-1.0,earnings_results
STPAP,SOTIPAPIER,2023-04-05,7.54,322411,-0.0296010296010295,2.1181422005269908,-3.16235711035694,False,True,False,EXPLAINED,La société SANGO ELLIS achète pour plus de 4 millions de dinars d'actions SOTIPAPIER,2023-04-10,5.0,other_news
STPAP,SOTIPAPIER,2023-04-06,7.81,584972,0.0358090185676391,2.299585992149536,3.196162053175825,False,True,False,EXPLAINED,La société SANGO ELLIS achète pour plus de 4 millions de dinars d'actions SOTIPAPIER,2023-04-10,4.0,other_news
STPAP,SOTIPAPIER,2023-04-11,8.4,6819305,0.0632911392405062,2.9395126092572768,5.241595302457311,False,True,False,EXPLAINED,La société SANGO ELLIS achète pour plus de 4 millions de dinars d'actions SOTIPAPIER,2023-04-10,-1.0,other_news
STPAP,SOTIPAPIER,2023-04-12,7.55,88092,-0.1011904761904762,0.993144643302238,-7.534385694520014,False,True,False,EXPLAINED,La société SANGO ELLIS achète pour plus de 4 millions de dinars d'actions SOTIPAPIER,2023-04-10,-2.0,other_news
STPAP,SOTIPAPIER,2023-07-26,6.63,43262,-0.0595744680851063,1.7292043827219774,-5.890226472065975,False,True,False,EXPLAINED,SOTIPAPIER : Chute de 35% des revenus au premier semestre,2023-08-02,7.0,earnings_results
STPAP,SOTIPAPIER,2023-08-02,6.77,1042,0.0578124999999998,-0.632864526809468,4.815379180488291,False,True,False,EXPLAINED,SOTIPAPIER : Chute de 35% des revenus au premier semestre,2023-08-02,0.0,earnings_results
STPAP,SOTIPAPIER,2023-08-03,6.4,7004,-0.0546528803545051,0.5819259331048212,-3.622351954411717,False,True,False,EXPLAINED,SOTIPAPIER : Chute de 35% des revenus au premier semestre,2023-08-02,-1.0,earnings_results
STPAP,SOTIPAPIER,2024-05-08,4.83,22681,0.0592105263157896,1.2759876001845971,3.5353363358263965,False,True,False,EXPLAINED,Le groupe SOTIPAPIER voit ses bénéfices chuter de 90 % en 2023,2024-05-09,1.0,earnings_results
STPAP,SOTIPAPIER,2024-05-09,4.55,39856,-0.0579710144927536,1.4928595389824482,-3.418353039975984,False,True,False,EXPLAINED,Le groupe SOTIPAPIER voit ses bénéfices chuter de 90 % en 2023,2024-05-09,0.0,earnings_results
STPAP,SOTIPAPIER,2024-06-18,4.65,24279,0.0520361990950226,1.1486881205512816,3.951339428991398,False,True,False,UNEXPLAINED,,,,
STPAP,SOTIPAPIER,2025-01-03,5.13,5522,-0.0535055350553506,-0.2805783040076396,-5.164067905673068,False,True,False,UNEXPLAINED,,,,
STPAP,SOTIPAPIER,2025-05-02,3.72,49777,-0.0582278481012658,1.9862435359865136,-4.523344188030054,False,True,False,UNEXPLAINED,,,,
STPAP,SOTIPAPIER,2025-05-05,3.5,26526,-0.0591397849462366,1.3354983008609278,-3.9082259427593424,False,True,False,UNEXPLAINED,,,,
STPAP,SOTIPAPIER,2025-09-12,3.04,7718,-0.0588235294117647,0.6840245884942585,-3.839541708907667,False,True,False,UNEXPLAINED,,,,
STPAP,SOTIPAPIER,2025-09-22,2.73,17000,0.0581395348837208,1.0788995387127505,3.173427475406231,False,True,False,UNEXPLAINED,,,,
STPAP,SOTIPAPIER,2026-04-16,2.79,19426,0.0568181818181818,1.6021726140072257,3.3944156099782217,False,True,False,UNEXPLAINED,,,,
STPAP,SOTIPAPIER,2026-04-27,2.75,16001,-0.1512345679012345,1.2671225755637108,-7.39763578846619,False,True,False,UNEXPLAINED,,,,
STPIL,SOTRAPIL,2021-12-13,12.9,13,0.0565110565110564,-1.415711622534974,4.392742710714486,False,True,False,UNEXPLAINED,,,,
STPIL,SOTRAPIL,2022-04-18,14.24,874,0.0555967383246849,0.7002310597274395,4.729922685737932,False,True,False,UNEXPLAINED,,,,
STPIL,SOTRAPIL,2022-07-15,12.69,38,-0.063468634686347,-0.7522291815355912,-3.9595860343479465,False,True,False,EXPLAINED,La SOTRAPIL augmente de 3% ses revenus semestriels à 8 millions de dinars,2022-07-19,4.0,earnings_results
STPIL,SOTRAPIL,2022-11-02,12.51,320,-0.0369515011547344,0.4404667741458275,-3.7624558807782753,False,True,False,UNEXPLAINED,,,,
STPIL,SOTRAPIL,2022-11-10,12.51,20232,-0.0362095531587057,2.880378068456315,-3.648664636551001,False,True,False,UNEXPLAINED,,,,
STPIL,SOTRAPIL,2023-03-21,13.4,1520,0.0347490347490349,0.7840392996831,3.072560387619354,False,True,False,UNEXPLAINED,,,,
STPIL,SOTRAPIL,2023-05-08,13.85,2717,0.0588685015290519,1.0487685561970603,4.786801078536262,False,True,False,EXPLAINED,La SOTRAPIL dégage un bénéfice record de plus de 9 millions de dinars en 2022,2023-05-08,0.0,earnings_results
STPIL,SOTRAPIL,2023-06-16,14.65,10210,0.0464285714285714,1.417925837166762,3.894317626107058,False,True,False,UNEXPLAINED,,,,
STPIL,SOTRAPIL,2023-07-24,14.11,5,-0.0599600266489007,-2.2704328059576957,-4.97109075882361,False,True,False,UNEXPLAINED,,,,
STPIL,SOTRAPIL,2024-07-15,14.69,668,-0.070253164556962,0.0202904640892511,-7.116485876958735,False,True,False,UNEXPLAINED,,,,
STPIL,SOTRAPIL,2024-10-24,14.8,4027,0.0541310541310542,1.2917663716301668,5.453651349473193,False,True,False,UNEXPLAINED,,,,
STPIL,SOTRAPIL,2025-04-07,18.1,1026,0.0342857142857144,0.0818673366181468,3.178026200540184,False,True,False,UNEXPLAINED,,,,
STPIL,SOTRAPIL,2025-04-11,18.75,32,0.0353395913859746,-2.640961970082547,3.1504729722680223,False,True,False,UNEXPLAINED,,,,
STPIL,SOTRAPIL,2025-04-14,18.15,2,-0.032,-4.277525408420184,-3.282268756591269,False,True,False,UNEXPLAINED,,,,
STPIL,SOTRAPIL,2025-07-22,24.0,4209,0.0596026490066226,1.2927411521095236,3.391812180261914,False,True,False,UNEXPLAINED,,,,
STPIL,SOTRAPIL,2025-07-23,25.44,337,0.06,-0.1940906253955198,3.111198692937557,False,True,False,UNEXPLAINED,,,,
STPIL,SOTRAPIL,2025-07-31,22.56,2130,-0.06,0.933518805606826,-3.362639138368348,False,True,False,UNEXPLAINED,,,,
STPIL,SOTRAPIL,2026-02-20,24.29,2306,0.0336170212765956,0.8853946367795401,3.289113027836785,False,True,False,UNEXPLAINED,,,,
STPIL,SOTRAPIL,2026-02-26,26.65,1748,0.0596421471172963,0.6554760496280341,5.73979843859142,False,True,False,UNEXPLAINED,,,,
STPIL,SOTRAPIL,2026-03-02,26.5,1991,-0.0412445730824891,0.6988667815235077,-3.3400299158804447,False,True,False,UNEXPLAINED,,,,
STPIL,SOTRAPIL,2026-03-11,26.49,1560,0.0532803180914513,0.493286289310655,3.3550668447746803,False,True,False,UNEXPLAINED,,,,
STPIL,SOTRAPIL,2026-03-24,27.4,351,0.0538461538461538,-0.4805101754729185,3.128526905993535,False,True,False,UNEXPLAINED,,,,
TAIR,TUNISAIR,2022-11-03,0.46,46227,-0.0416666666666666,1.1846733707903232,-3.371692248371448,False,True,False,UNEXPLAINED,,,,
TAIR,TUNISAIR,2022-11-11,0.49,2020,0.0425531914893617,-0.910977478537523,3.227654816402966,False,True,False,UNEXPLAINED,,,,
TAIR,TUNISAIR,2024-11-26,0.4,36644,0.0810810810810811,1.2457664937053874,4.68756788832252,False,True,False,EXPLAINED,Tunisair prolonge son offre spéciale bagage entre Monastir et la France pour enrichir l’expérience de ses passagers,2024-11-26,0.0,other_news
TAIR,TUNISAIR,2024-11-29,0.37,26196,-0.075,1.0677541859241697,-3.7480563681605457,False,True,False,EXPLAINED,TUNISAIR lance une offre promotionnelle sur la ligne Tunis-Casablanca,2024-11-29,0.0,other_news
TAIR,TUNISAIR,2026-03-26,0.33,9717,-0.057142857142857,0.5168908596785523,-3.7821141842214985,False,True,False,UNEXPLAINED,,,,
TGH,TAWASOL,2022-05-25,0.71,9660,0.109375,0.5080339950574374,5.558427817692326,False,True,False,UNEXPLAINED,,,,
TGH,TAWASOL,2024-04-03,0.64,10617,-0.0857142857142856,0.0020224871961015,-4.144962064330643,False,True,False,UNEXPLAINED,,,,
TGH,TAWASOL,2024-10-24,0.66,39257,-0.0833333333333332,0.6770679919128163,-3.706413043717929,False,True,False,EXPLAINED,Le groupe TAWASOL améliore de 18% ses revenus à fin septembre,2024-10-23,-1.0,earnings_results
TGH,TAWASOL,2025-03-12,0.73,71111,0.123076923076923,1.8144617703022297,5.0533957708519415,False,True,False,UNEXPLAINED,,,,
TGH,TAWASOL,2025-07-28,0.67,120840,-0.1066666666666665,1.7227968707548045,-4.078971647800463,False,True,False,EXPLAINED,Le Groupe TAWASOL maintient le cap au premier semestre grâce à ses pôles stratégiques,2025-07-28,0.0,other_news
TGH,TAWASOL,2025-11-27,0.68,102830,0.0967741935483872,1.4376424936054824,5.4472940002669095,False,True,False,UNEXPLAINED,,,,
TGH,TAWASOL,2026-01-06,0.76,49772,-0.073170731707317,0.657504753416223,-3.325007385373378,False,True,False,UNEXPLAINED,,,,
TGH,TAWASOL,2026-01-22,0.84,90208,0.1199999999999998,0.8425573312374977,4.138872071755494,False,True,False,EXPLAINED,Le Groupe TAWASOL augmente de 25% ses revenus en 2025,2026-01-19,-3.0,earnings_results
TGH,TAWASOL,2026-04-30,0.84,10738,-0.0561797752808989,-0.5737587937995059,-3.2278682151126805,False,True,False,EXPLAINED,Croissance robuste et désendettement massif au premier trimestre pour le Groupe TAWASOL,2026-04-24,-6.0,other_news
TINV,TUNINVEST - SICAR,2021-10-13,11.46,298,-0.0449999999999999,0.252513647632292,-3.469550462913606,False,True,False,EXPLAINED,AfricInvest investit dans l'une des plus grandes compagnies d'assurance non-vie au Nigeria,2021-10-06,-7.0,other_news
TINV,TUNINVEST - SICAR,2022-11-22,5.57,42914,-0.0732113144758734,2.911606354656032,-3.328516425764912,False,True,False,UNEXPLAINED,,,,
TINV,TUNINVEST - SICAR,2022-11-25,6.34,16,0.0912220309810671,-0.8717914463859899,3.6136492925569152,False,True,False,UNEXPLAINED,,,,
TINV,TUNINVEST - SICAR,2022-11-29,6.91,117,0.0899053627760253,0.0139997011603978,3.1321838581222727,False,True,False,UNEXPLAINED,,,,
TINV,TUNINVEST - SICAR,2023-10-27,6.74,288,0.1365935919055649,0.5442754080264969,4.058287177272016,False,True,False,UNEXPLAINED,,,,
TINV,TUNINVEST - SICAR,2025-10-13,12.07,100,0.1376060320452403,-0.3518761145315743,6.666641759026972,False,True,False,UNEXPLAINED,,,,
TINV,TUNINVEST - SICAR,2025-10-22,15.68,841,0.2990886495443248,0.579497862661291,10.879556602227794,False,True,False,UNEXPLAINED,,,,
TINV,TUNINVEST - SICAR,2026-04-20,44.98,4126,0.0709523809523808,1.7979079792532096,4.3155719462803805,False,True,False,UNEXPLAINED,,,,
TINV,TUNINVEST - SICAR,2026-06-09,44.22,2047,0.0785365853658537,1.1789180955089025,4.210086585926908,False,True,False,UNEXPLAINED,,,,
TJARI,ATTIJARI BANK,2021-09-01,31.66,628,-0.0406060606060606,0.2376224798106421,-4.18146216796846,False,True,False,EXPLAINED,ATTIJARI BANK : Des fondamentaux solides malgré des facteurs conjoncturels exceptionnels,2021-09-07,6.0,other_news
TJARI,ATTIJARI BANK,2021-12-06,33.0,75675,0.0848126232741617,2.997225927274899,8.488812445440798,False,True,False,EXPLAINED,"La BERD, Attijari bank et Enda Tamweel appuient les petites entreprises en Tunisie",2021-12-09,3.0,other_news
TJARI,ATTIJARI BANK,2021-12-07,30.1,981,-0.0878787878787878,-0.063311582950274,-6.911066420747135,False,True,False,EXPLAINED,"La BERD, Attijari bank et Enda Tamweel appuient les petites entreprises en Tunisie",2021-12-09,2.0,other_news
TJARI,ATTIJARI BANK,2022-03-16,30.7,181870,-0.0016260162601626,3.317921347753403,-0.0804015374359598,True,False,False,UNEXPLAINED,,,,
TJARI,ATTIJARI BANK,2022-04-04,33.07,7911,0.0599358974358974,1.2690208290353722,3.431979862183307,False,True,False,EXPLAINED,"Attijari bank propose un dividende record de 3,150 dinars par action",2022-04-04,0.0,dividend
TJARI,ATTIJARI BANK,2022-04-07,33.25,170854,-0.0015015015015014,3.535471701306085,-0.129242817213507,True,False,False,EXPLAINED,"Attijari bank propose un dividende record de 3,150 dinars par action",2022-04-04,-3.0,dividend
TJARI,ATTIJARI BANK,2022-04-18,34.6,255084,0.0028985507246377,3.4496573508298143,0.0499286453431216,True,False,False,EXPLAINED,Attijari bank améliore de 6% son PNB trimestriel à 137 millions de dinars,2022-04-20,2.0,other_news
TJARI,ATTIJARI BANK,2022-04-19,30.99,3751,-0.104335260115607,0.3198820424427508,-5.537998404278999,False,True,False,EXPLAINED,Attijari bank améliore de 6% son PNB trimestriel à 137 millions de dinars,2022-04-20,1.0,other_news
TJARI,ATTIJARI BANK,2022-06-16,36.79,13775,0.0663768115942029,1.1026285071799655,3.465862392757042,False,True,False,EXPLAINED,Attijari bank participe au Salon « Maskan Expo 2022 » à Paris,2022-06-20,4.0,other_news
TJARI,ATTIJARI BANK,2022-08-30,35.5,7841,-0.0402811570694783,1.310344693744078,-3.0718670121554927,False,True,False,EXPLAINED,Attijari bank dégage un bénéfice net de 95 millions de dinars au premier semestre,2022-08-26,-4.0,earnings_results
TJARI,ATTIJARI BANK,2022-09-23,38.3,3869,0.0407608695652172,0.9408541541647312,4.034779090017516,False,True,False,UNEXPLAINED,,,,
TJARI,ATTIJARI BANK,2023-04-05,43.2,23780,0.1223694466095088,2.257209446296573,12.246591507437818,False,True,False,EXPLAINED,Attijari bank va verser un dividende record de 4 dinars par action,2023-04-03,-2.0,dividend
TJARI,ATTIJARI BANK,2023-04-27,40.3,7924,-0.0671296296296297,0.9821996514396412,-3.7770143309163298,False,True,False,UNEXPLAINED,,,,
TJARI,ATTIJARI BANK,2023-05-25,42.5,181973,0.0023584905660378,3.3341096476609424,0.0366766040104223,True,False,False,UNEXPLAINED,,,,
TJARI,ATTIJARI BANK,2023-09-21,41.8,12832,-0.045662100456621,1.3709952799439675,-4.486254128280239,False,True,False,EXPLAINED,Attijari bank et le PNUD renforcent leur partenariat,2023-09-20,-1.0,other_news
TJARI,ATTIJARI BANK,2024-04-17,47.8,5659,-0.0788205820003854,0.7738089953082299,-7.991246843160897,False,True,False,EXPLAINED,Attijari bank améliore de 12% son PNB trimestriel à 178 millions de dinars,2024-04-19,2.0,other_news
TJARI,ATTIJARI BANK,2024-10-16,51.39,9071,-0.0303773584905659,1.4297514794430393,-3.0076849895285136,False,True,False,EXPLAINED,Attijari bank améliore de 9% son PNB à fin septembre à plus de 525 millions de dinars,2024-10-21,5.0,other_news
TJARI,ATTIJARI BANK,2024-12-20,50.89,466775,-0.0001964636542238,4.98996029010355,0.0593153585475621,True,False,False,UNEXPLAINED,,,,
TJARI,ATTIJARI BANK,2025-01-15,55.98,5832,0.0366666666666666,0.4687295850139073,3.5802158171606098,False,True,False,EXPLAINED,Attijari bank dégage un Résultat Brut d’Exploitation de plus de 380 millions de dinars en 2024,2025-01-22,7.0,other_news
TJARI,ATTIJARI BANK,2025-01-22,57.75,16380,0.0351317440401506,1.376882071361636,3.337817015606042,False,True,False,EXPLAINED,Attijari bank dégage un Résultat Brut d’Exploitation de plus de 380 millions de dinars en 2024,2025-01-22,0.0,other_news
TJARI,ATTIJARI BANK,2025-01-23,59.94,14343,0.0379220779220779,1.2037524215595006,3.265583116809372,False,True,False,EXPLAINED,Attijari bank dégage un Résultat Brut d’Exploitation de plus de 380 millions de dinars en 2024,2025-01-22,-1.0,other_news
TJARI,ATTIJARI BANK,2025-02-28,69.05,3126,-0.0387024919949882,-0.2888576976278461,-3.351310427318033,False,True,False,UNEXPLAINED,,,,
TJARI,ATTIJARI BANK,2025-03-12,72.48,34862,0.0582566798072712,1.8597032731409964,3.4936224955409743,False,True,False,EXPLAINED,Attijari bank annonce un bénéfice net de plus de 230 millions de dinars en 2024,2025-03-12,0.0,earnings_results
TJARI,ATTIJARI BANK,2025-04-08,69.4,8593,-0.05578231292517,0.4986035099371622,-3.4501859903943743,False,True,False,EXPLAINED,"Croissance, rentabilité et prudence, le triptyque gagnant d’Attijari bank en 2024",2025-04-08,0.0,other_news
TJARI,ATTIJARI BANK,2025-04-30,61.0,4268,-0.1316725978647687,-0.2990992768677287,-7.359566297852744,False,True,False,UNEXPLAINED,,,,
TJARI,ATTIJARI BANK,2025-07-11,57.99,558363,0.0229317339918857,4.6001358903002005,1.1671399161732363,True,False,False,UNEXPLAINED,,,,
TJARI,ATTIJARI BANK,2025-09-17,62.0,15833,0.0510255975589082,1.450097327263718,4.520200759221026,False,True,False,UNEXPLAINED,,,,
TJARI,ATTIJARI BANK,2025-12-29,66.9,276739,0.0037509377344335,4.05716910973142,0.2499541256118481,True,False,False,EXPLAINED,Attijari bank lève avec succès 40 millions de dinars sur le marché obligataire,2025-12-26,-3.0,other_news
TJARI,ATTIJARI BANK,2026-02-19,70.0,46830,0.032448377581121,2.326557871315558,3.146748599947654,False,True,False,EXPLAINED,Ramadan : Attijari bank célèbre la transmission et les liens intergénérationnels au sein de la diaspora avec une campagne baptisée « يعيش فينا رمضان »,2026-02-19,0.0,other_news
TJARI,ATTIJARI BANK,2026-03-11,73.0,3785,0.0325318246110324,-0.0413062401864164,3.155316721562339,False,True,False,EXPLAINED,Attijari bank stabilise son bénéfice net à 232 millions de dinars en 2025,2026-03-14,3.0,earnings_results
TJARI,ATTIJARI BANK,2026-03-16,70.51,19580,-0.047162162162162,1.5473746598216864,-4.505738404713209,False,True,False,EXPLAINED,Attijari bank stabilise son bénéfice net à 232 millions de dinars en 2025,2026-03-14,-2.0,earnings_results
TJARI,ATTIJARI BANK,2026-04-17,70.75,3058,-0.0560373582388259,-0.4417846495197008,-4.621373731862228,False,True,False,EXPLAINED,Attijari bank annonce un PNB de 190 millions de dinars au premier trimestre,2026-04-15,-2.0,other_news
TJL,ATTIJARI LEASING,2022-11-22,13.75,8,0.0456273764258554,-1.0091772661541265,3.4172354777202165,False,True,False,UNEXPLAINED,,,,
TJL,ATTIJARI LEASING,2023-04-24,16.0,1134,0.0457516339869281,0.5444248255381177,3.175718630033113,False,True,False,UNEXPLAINED,,,,
TJL,ATTIJARI LEASING,2023-05-25,16.0,1215,-0.072463768115942,0.2958672950393742,-4.793100784248312,False,True,False,UNEXPLAINED,,,,
TJL,ATTIJARI LEASING,2023-11-01,17.4,1,0.0545454545454544,-2.9900394784157838,5.067570663764161,False,True,False,UNEXPLAINED,,,,
TJL,ATTIJARI LEASING,2023-11-02,16.7,1172,-0.0402298850574712,0.8015289984419441,-3.42422099958014,False,True,False,UNEXPLAINED,,,,
TJL,ATTIJARI LEASING,2024-05-23,18.0,14,-0.0600522193211487,-1.2640659358593809,-4.6369968620963045,False,True,False,UNEXPLAINED,,,,
TJL,ATTIJARI LEASING,2024-12-18,19.64,311,0.0336842105263157,0.549659270604521,3.3940914147730585,False,True,False,UNEXPLAINED,,,,
TJL,ATTIJARI LEASING,2025-01-02,20.27,1168,0.0584856396866841,1.259324227007689,5.627263319468328,False,True,False,UNEXPLAINED,,,,
TJL,ATTIJARI LEASING,2025-01-06,19.46,385,-0.0399605328071039,0.7257613304293941,-3.132568623522478,False,True,False,UNEXPLAINED,,,,
TJL,ATTIJARI LEASING,2025-01-09,19.83,316,0.0436842105263157,0.5727359683186737,3.127741195485686,False,True,False,UNEXPLAINED,,,,
TJL,ATTIJARI LEASING,2025-02-11,22.89,6736,0.0597222222222222,1.951810305604735,3.856559535099082,False,True,False,EXPLAINED,ATTIJARI Leasing annonce un bénéfice net de 10 millions de dinars en 2024,2025-02-10,-1.0,earnings_results
TJL,ATTIJARI LEASING,2025-02-12,24.2,1377,0.057230231542158,1.0913836273956792,3.244055509374098,False,True,False,EXPLAINED,ATTIJARI Leasing annonce un bénéfice net de 10 millions de dinars en 2024,2025-02-10,-2.0,earnings_results
TJL,ATTIJARI LEASING,2025-04-28,26.11,537,-0.071479374110953,0.170409839054353,-4.586198616121928,False,True,False,UNEXPLAINED,,,,
TJL,ATTIJARI LEASING,2025-06-24,26.5,5673,0.06,1.897314902686464,3.891938390619872,False,True,False,UNEXPLAINED,,,,
TJL,ATTIJARI LEASING,2025-06-27,27.55,2496,0.0596153846153846,1.3406550704202456,3.3959806760060656,False,True,False,UNEXPLAINED,,,,
TJL,ATTIJARI LEASING,2025-12-30,29.0,82932,0.0,3.509830576253264,0.0328820722869317,True,False,False,UNEXPLAINED,,,,
TJL,ATTIJARI LEASING,2026-01-28,31.25,841,0.0451505016722408,0.5224566297036445,3.55552485324429,False,True,False,UNEXPLAINED,,,,
TJL,ATTIJARI LEASING,2026-02-05,31.32,1312,0.0524193548387097,0.7908870138905297,3.6986707441111726,False,True,False,EXPLAINED,Attijari Leasing annonce un bénéfice net de 10 millions de dinars en 2025,2026-02-05,0.0,earnings_results
TJL,ATTIJARI LEASING,2026-04-01,33.7,340,-0.037142857142857,-0.1991604513308124,-3.0285872503518987,False,True,False,UNEXPLAINED,,,,
TJL,ATTIJARI LEASING,2026-05-22,36.8,285,-0.0564102564102564,0.0195980229611099,-4.6527755398087045,False,True,False,UNEXPLAINED,,,,
TLNET,TELNET HOLDING,2021-09-01,8.7,4743,0.0381861575178996,0.9546515700328934,3.8292288768744025,False,True,False,UNEXPLAINED,,,,
TLNET,TELNET HOLDING,2022-04-26,8.54,30852,0.0351515151515151,2.0897924353427446,3.5600448009353585,False,True,False,EXPLAINED,Le Groupe TELNET améliore de 20% son chiffre d'affaires au premier trimestre,2022-04-26,0.0,earnings_results
TLNET,TELNET HOLDING,2022-05-24,7.95,6882,-0.0467625899280574,1.1074494319786277,-4.392182440584882,False,True,False,EXPLAINED,Telnet Holding : Situation financière saine et activité génératrice de cash-flows récurrents,2022-05-19,-5.0,other_news
TLNET,TELNET HOLDING,2022-08-03,8.0,5884,0.0389610389610388,0.878245941067508,3.4115051518974733,False,True,False,EXPLAINED,Le Groupe TELNET améliore de 17% ses revenus semestriels à plus de 28 millions de dinars,2022-07-29,-5.0,earnings_results
TLNET,TELNET HOLDING,2022-09-12,7.43,16150,-0.059493670886076,1.5644414232428216,-5.15526192909526,False,True,False,UNEXPLAINED,,,,
TLNET,TELNET HOLDING,2022-09-15,7.32,2886,-0.0468749999999998,0.4955747639318222,-3.2646173636675475,False,True,False,EXPLAINED,Le Conseil d'administration de TELNET délègue la gestion de la société à Ines FRIKHA,2022-09-20,5.0,governance
TLNET,TELNET HOLDING,2023-04-17,7.3,6834,0.0354609929078013,1.091224490950884,3.508643684487384,False,True,False,EXPLAINED,"Le Groupe TELNET dégage un bénéfice net de 8,3 millions de dinars en 2022",2023-04-17,0.0,earnings_results
TLNET,TELNET HOLDING,2023-06-09,6.95,2544,-0.0557065217391304,0.3441980934498464,-5.625277317896956,False,True,False,UNEXPLAINED,,,,
TLNET,TELNET HOLDING,2023-09-13,6.5,11450,-0.0427098674521354,1.4579585240404205,-3.994941977469228,False,True,False,UNEXPLAINED,,,,
TLNET,TELNET HOLDING,2023-11-29,6.18,4437,0.0564102564102564,0.6030933325185008,4.86282334829029,False,True,False,UNEXPLAINED,,,,
TLNET,TELNET HOLDING,2024-05-06,5.64,9342,0.0581613508442775,1.1065874911369156,3.467430690127011,False,True,False,UNEXPLAINED,,,,
TLNET,TELNET HOLDING,2024-07-19,5.47,19468,0.0559845559845559,1.4514472290644262,3.328161704840856,False,True,False,EXPLAINED,TELNET réussit à prospérer malgré les difficultés,2024-07-19,0.0,other_news
TLNET,TELNET HOLDING,2024-10-21,6.15,16723,0.0530821917808219,1.4846981306874123,4.678683576184735,False,True,False,EXPLAINED,Le Groupe TELNET annonce plus de 50 millions de dinars de revenus à fin septembre,2024-10-18,-3.0,earnings_results
TLNET,TELNET HOLDING,2025-01-13,6.51,19884,0.0516962843295636,1.0832069460834282,3.6331009852392127,False,True,False,UNEXPLAINED,,,,
TLNET,TELNET HOLDING,2025-04-15,7.47,12465,0.0374999999999998,0.6274976758221178,3.049464360406767,False,True,False,EXPLAINED,Le Groupe TELNET améliore de 12% ses revenus au premier trimestre,2025-04-22,7.0,earnings_results
TLNET,TELNET HOLDING,2025-06-23,7.19,21698,0.0450581395348836,1.340931875757443,3.798417756755402,False,True,False,UNEXPLAINED,,,,
TLNET,TELNET HOLDING,2025-11-20,6.53,17215,0.0566343042071197,1.4834741452487508,5.124806222070263,False,True,False,UNEXPLAINED,,,,
TLNET,TELNET HOLDING,2025-12-09,6.6,14447,0.0476190476190476,1.3977176060485066,3.737486911346368,False,True,False,UNEXPLAINED,,,,
TLNET,TELNET HOLDING,2025-12-30,6.85,414450,-0.0058055152394774,4.566761003898264,-0.4462579808664945,True,False,False,UNEXPLAINED,,,,
TLNET,TELNET HOLDING,2026-01-16,6.35,27531,-0.0436746987951807,1.5984274791224486,-3.002440501734892,False,True,False,EXPLAINED,Croissance solide de l’activité du Groupe TELNET en 2025,2026-01-16,0.0,other_news
TLNET,TELNET HOLDING,2026-03-26,6.99,59386,0.059090909090909,2.063041447573242,4.998814125509953,False,True,False,UNEXPLAINED,,,,
TLNET,TELNET HOLDING,2026-03-27,7.39,83844,0.0572246065808297,2.465693197024552,3.9991280589179823,False,True,False,UNEXPLAINED,,,,
TLNET,TELNET HOLDING,2026-03-30,7.83,230819,0.0595399188092016,3.021032028837374,3.638031652337262,True,True,True,UNEXPLAINED,,,,
TLS,TUNISIE LEASING & FACTORING,2021-10-05,10.0,25003,0.0298661174047372,3.018754222449611,,True,False,False,EXPLAINED,Tunisie Leasing & Factoring lève 20 millions de dinars sur le marché obligataire,2021-09-28,-7.0,other_news
TLS,TUNISIE LEASING & FACTORING,2023-10-11,11.27,1515,-0.0449152542372882,0.4517046274444031,-3.401536562532238,False,True,False,UNEXPLAINED,,,,
TLS,TUNISIE LEASING & FACTORING,2024-08-20,14.73,670,-0.0309210526315788,0.2279885777728043,-3.085281093082506,False,True,False,EXPLAINED,Tunisie Leasing & Factoring émet un emprunt obligataire de 40 millions de dinars,2024-08-20,0.0,other_news
TLS,TUNISIE LEASING & FACTORING,2024-09-19,16.89,503,0.0356245018088172,0.1319372960151575,3.1801096620011435,False,True,False,UNEXPLAINED,,,,
TLS,TUNISIE LEASING & FACTORING,2025-05-19,19.85,46222,0.0392670157068062,2.0956694280791925,3.861551921909693,False,True,False,EXPLAINED,Tunisie Leasing & Factoring cède ses filiales africaines à Crédit d’Afrique Group,2025-05-13,-6.0,other_news
TLS,TUNISIE LEASING & FACTORING,2025-05-22,20.5,54606,0.0480572597137014,1.846757147529978,4.558302878651929,False,True,False,UNEXPLAINED,,,,
TLS,TUNISIE LEASING & FACTORING,2025-05-26,22.51,14270,0.0592941176470589,1.1042982868355833,4.629624330840754,False,True,False,UNEXPLAINED,,,,
TLS,TUNISIE LEASING & FACTORING,2025-05-27,23.86,39574,0.05997334517992,1.5927958823349164,3.958291507441853,False,True,False,UNEXPLAINED,,,,
TLS,TUNISIE LEASING & FACTORING,2025-05-28,25.29,20368,0.0599329421626153,1.2035295180894394,3.462958409292841,False,True,False,UNEXPLAINED,,,,
TLS,TUNISIE LEASING & FACTORING,2025-10-09,31.0,12722,-0.0458602646968298,1.0345386542451689,-3.3336310302855527,False,True,False,UNEXPLAINED,,,,
TLS,TUNISIE LEASING & FACTORING,2025-10-14,32.84,10830,0.0596966763472088,0.9559081274368731,3.677966824109725,False,True,False,EXPLAINED,Tunisie Leasing & Factoring réalise une croissance à deux chiffres à fin septembre,2025-10-20,6.0,other_news
TLS,TUNISIE LEASING & FACTORING,2025-12-19,32.3,45397,0.0453074433656957,2.252954539880088,3.1153424485372825,False,True,False,UNEXPLAINED,,,,
TLS,TUNISIE LEASING & FACTORING,2026-01-16,35.3,4338,0.0549910340705319,0.3102151857913698,4.524324643896909,False,True,False,UNEXPLAINED,,,,
TLS,TUNISIE LEASING & FACTORING,2026-01-19,37.2,5577,0.0538243626062324,0.5705066881527568,3.759925210831312,False,True,False,UNEXPLAINED,,,,
TLS,TUNISIE LEASING & FACTORING,2026-01-27,42.5,14924,0.0566882148184983,1.3019530335945133,3.0553507419831627,False,True,False,UNEXPLAINED,,,,
TLS,TUNISIE LEASING & FACTORING,2026-04-01,34.7,34983,-0.1244007065354528,2.597223949606637,-6.510282729596446,False,True,False,EXPLAINED,Tunisie Leasing & Factoring voit son bénéfice net progresser de 38% en 2025,2026-03-30,-2.0,earnings_results
TLS,TUNISIE LEASING & FACTORING,2026-04-20,37.63,16451,0.1232835820895523,1.5451055549536985,4.78075924970165,False,True,False,EXPLAINED,Tunisie Leasing & Factoring prépare son désengagement stratégique de Tuninvest,2026-04-17,-3.0,other_news
TPR,TPR,2021-08-30,4.39,425,0.0378250591016546,-0.7967697916979194,3.4033554203125025,False,True,False,EXPLAINED,La TPR annonce un bénéfice net de plus de 10 millions de dinars au premier semestre,2021-08-30,0.0,earnings_results
TPR,TPR,2021-10-19,4.3,10334,-0.0590809628008753,0.979863022456408,-5.244624001684063,False,True,False,EXPLAINED,TPR améliore de 5% ses revenus à fin septembre à 100 millions de dinars,2021-10-19,0.0,earnings_results
TPR,TPR,2021-10-20,4.5,10158,0.0465116279069768,0.9446366114620184,3.290502893754917,False,True,False,EXPLAINED,TPR améliore de 5% ses revenus à fin septembre à 100 millions de dinars,2021-10-19,-1.0,earnings_results
TPR,TPR,2022-07-27,4.15,5148,-0.0715883668903801,0.7644458159889695,-7.227615897702548,False,True,False,UNEXPLAINED,,,,
TPR,TPR,2023-04-18,4.55,35911,0.058139534883721,1.454174936726801,4.695920282895809,False,True,False,EXPLAINED,La TPR voit ses revenus dépasser les 50 millions de dinars au premier trimestre,2023-04-17,-1.0,earnings_results
TPR,TPR,2023-05-19,5.16,72882,0.0573770491803278,1.4534810614083329,4.038753365219169,False,True,False,EXPLAINED,Le Groupe TPR annonce un bénéfice record de près de 30 millions de dinars en 2022,2023-05-18,-1.0,earnings_results
TPR,TPR,2023-07-18,5.09,1974,-0.0608856088560886,-1.1451413240379016,-4.751756579631262,False,True,False,EXPLAINED,TPR voit ses revenus dépasser les 100 millions de dinars à fin juin,2023-07-20,2.0,earnings_results
TPR,TPR,2023-10-27,4.98,4664,0.0310559006211181,0.0273690428444325,3.1761729952001265,False,True,False,UNEXPLAINED,,,,
TPR,TPR,2023-10-31,4.9,423888,-0.0180360721442885,3.1241234269615314,-1.8046588360286715,True,False,False,UNEXPLAINED,,,,
TPR,TPR,2024-04-03,5.15,6043,0.03,0.3520395335401726,3.012474167805722,False,True,False,UNEXPLAINED,,,,
TPR,TPR,2024-05-02,5.26,63801,0.0541082164328656,1.996907493263466,4.841658907949401,False,True,False,EXPLAINED,Le Groupe TPR annonce un bénéfice record de plus de 40 millions de dinars en 2023,2024-04-30,-2.0,earnings_results
TPR,TPR,2024-06-20,5.3,10376,-0.086206896551724,0.4545446864269234,-6.260393290023378,False,True,False,UNEXPLAINED,,,,
TPR,TPR,2024-12-19,6.35,863303,0.0291734197730955,4.042453135675468,2.3194914734603738,True,False,False,UNEXPLAINED,,,,
TPR,TPR,2024-12-30,6.34,1009680,0.0015797788309637,3.2784594290215217,-0.0526850415987185,True,False,False,UNEXPLAINED,,,,
TPR,TPR,2025-04-04,8.25,74550,0.0456273764258554,1.2980772811662282,3.100422003822215,False,True,False,UNEXPLAINED,,,,
TPR,TPR,2025-05-26,9.61,1020782,0.0062827225130888,4.278265791351049,0.0776810808650915,True,False,False,EXPLAINED,"TPR : Réalisation d'une transaction de bloc pour 1,3 million de dinars",2025-05-28,2.0,other_news
TPR,TPR,2025-06-30,10.0,5806417,-0.0099009900990099,5.457623198131087,-0.8620432163736035,True,False,False,UNEXPLAINED,,,,
TPR,TPR,2025-07-16,10.5,14943,-0.0393412625800548,-0.2133220359105485,-3.014009622246124,False,True,False,UNEXPLAINED,,,,
TPR,TPR,2025-07-23,11.27,28377,0.0592105263157893,0.3466866611389455,3.8993613856928175,False,True,False,EXPLAINED,TPR signe un semestre 2025 en forte croissance,2025-07-24,1.0,other_news
TPR,TPR,2025-12-08,10.15,221672,-0.0039254170755641,4.327883580944994,-0.2780740971331212,True,False,False,UNEXPLAINED,,,,
TPR,TPR,2025-12-19,10.76,785893,0.044660194174757,5.033073632983794,4.556460992067522,True,True,True,EXPLAINED,"TPR : Réalisation d'une transaction de bloc pour 8,8 millions de dinars",2025-12-23,4.0,other_news
TPR,TPR,2025-12-23,10.99,837896,0.0175925925925926,4.212912878806354,1.660989673800789,True,False,False,EXPLAINED,"TPR : Réalisation d'une transaction de bloc pour 8,8 millions de dinars",2025-12-23,0.0,other_news
TPR,TPR,2025-12-25,11.12,593299,-0.0150575730735164,3.347195106746308,-1.4006522617680588,True,False,False,EXPLAINED,"TPR : Réalisation d'une transaction de bloc pour 8,8 millions de dinars",2025-12-23,-2.0,other_news
TPR,TPR,2025-12-26,11.3,586123,0.0161870503597123,3.0108128967159,1.3517950654465911,True,False,False,EXPLAINED,"TPR : Réalisation d'une transaction de bloc pour 8,8 millions de dinars",2025-12-23,-3.0,other_news
TPR,TPR,2026-01-27,13.69,44692,0.0595975232198142,0.5810863137342817,4.205135811151718,False,True,False,EXPLAINED,Le groupe TPR consolide sa croissance en 2025 et franchit le cap des 375 millions de dinars de revenus,2026-01-23,-4.0,earnings_results
TPR,TPR,2026-05-13,13.91,17996,0.0594059405940594,-0.0873924039497914,4.644230011060541,False,True,False,UNEXPLAINED,,,,
TPR,TPR,2026-05-14,14.74,59052,0.0596693026599568,1.405689110127014,3.933105051542776,False,True,False,UNEXPLAINED,,,,
TPR,TPR,2026-05-15,15.62,191165,0.0597014925373133,2.8435981731560727,3.4508692434195325,False,True,False,UNEXPLAINED,,,,
TRE,TUNIS RE,2021-10-28,7.0,30097,0.0,3.035611960321373,-0.0332137303097872,True,False,False,EXPLAINED,Tunis Re réalise un chiffre d'affaires de plus de 115 millions de dinars à fin septembre,2021-10-21,-7.0,earnings_results
TRE,TUNIS RE,2022-04-04,6.61,518,-0.0489208633093525,0.5082830850091757,-4.45539942771368,False,True,False,UNEXPLAINED,,,,
TRE,TUNIS RE,2022-07-01,6.6,431,-0.046242774566474,0.4991313852154379,-3.419142154365688,False,True,False,UNEXPLAINED,,,,
TRE,TUNIS RE,2022-11-22,6.5,1165,0.0416666666666667,0.7111141480697453,3.624343109538703,False,True,False,UNEXPLAINED,,,,
TRE,TUNIS RE,2022-12-07,6.97,166,0.0449775112443777,-0.5651806185509801,3.5626343583349143,False,True,False,UNEXPLAINED,,,,
TRE,TUNIS RE,2023-05-19,6.01,2261,-0.0753846153846153,0.9079350641846078,-3.8424033062720406,False,True,False,UNEXPLAINED,,,,
TRE,TUNIS RE,2024-06-10,6.4,1398,-0.0433482810164425,0.7276468186465016,-3.8462260316099495,False,True,False,UNEXPLAINED,,,,
TRE,TUNIS RE,2024-06-11,6.68,1430,0.0437499999999999,0.746877769480669,3.5032594793051497,False,True,False,UNEXPLAINED,,,,
TRE,TUNIS RE,2024-08-20,6.6,1000,-0.0434782608695653,0.4242905696395437,-3.054650076119595,False,True,False,UNEXPLAINED,,,,
TRE,TUNIS RE,2024-11-25,7.75,2370,0.0402684563758388,1.052196531997292,3.0963045588396563,False,True,False,UNEXPLAINED,,,,
TRE,TUNIS RE,2025-01-24,7.7,510,-0.0374999999999999,0.1405216582797078,-3.953801793549628,False,True,False,EXPLAINED,Tunis Re annonce un chiffre d'affaires record de 235 millions de dinars en 2024,2025-01-20,-4.0,earnings_results
TRE,TUNIS RE,2025-01-27,7.99,737,0.0376623376623377,0.3871346242226832,3.281104283236222,False,True,False,EXPLAINED,Tunis Re annonce un chiffre d'affaires record de 235 millions de dinars en 2024,2025-01-20,-7.0,earnings_results
TRE,TUNIS RE,2025-05-16,8.0,53381,-0.0476190476190476,2.4329900750617357,-3.3141361878746824,False,True,False,UNEXPLAINED,,,,
TRE,TUNIS RE,2025-09-02,8.9,1,0.0595238095238095,-2.2281352027204617,4.605314579113902,False,True,False,EXPLAINED,Tunis Re augmente de 35% ses bénéfices semestriels à plus de 17 millions de dinars,2025-09-01,-1.0,earnings_results
TRE,TUNIS RE,2025-12-26,9.5,1600393,0.0,3.449795107736695,-0.1039730658182694,True,False,False,UNEXPLAINED,,,,
TRE,TUNIS RE,2025-12-31,10.38,17070,0.0591836734693878,1.2460206688486144,4.852622694608617,False,True,False,UNEXPLAINED,,,,
TRE,TUNIS RE,2026-01-27,11.5,4841,0.0579576816927323,0.6163903794321905,4.12369901907434,False,True,False,EXPLAINED,Tunis Re affiche des fondamentaux robustes en 2025,2026-01-20,-7.0,other_news
TRE,TUNIS RE,2026-03-02,15.0,12365,-0.0494296577946767,0.5638261870524779,-3.193727037771659,False,True,False,EXPLAINED,Tunis Re décide de doubler son capital à 200 millions de dinars,2026-02-23,-7.0,other_news
TRE,TUNIS RE,2026-04-02,12.4,16303,-0.1123836793128132,0.7178821247962355,-5.569506359357893,False,True,False,EXPLAINED,Une année 2025 historique pour Tunis Re,2026-03-26,-7.0,other_news
UADH,UADH,2021-10-13,0.38,84018,0.1875,0.8401219720997526,5.883676704174054,False,True,False,UNEXPLAINED,,,,
UADH,UADH,2021-11-09,0.62,113384,0.24,0.8948813136678418,5.354681215708766,False,True,False,UNEXPLAINED,,,,
UADH,UADH,2022-11-07,0.42,20974,-0.0869565217391304,0.9528271164151736,-3.1619427527066293,False,True,False,UNEXPLAINED,,,,
UADH,UADH,2023-06-07,0.33,16939,0.1379310344827586,0.8934805029176583,3.948886458599184,False,True,False,UNEXPLAINED,,,,
UADH,UADH,2023-09-28,0.21,30402,-0.2222222222222223,0.871012590188362,-5.50281094727143,False,True,False,UNEXPLAINED,,,,
UADH,UADH,2024-10-18,0.49,29857,0.1666666666666667,1.156219963015509,5.1735561396804695,False,True,False,UNEXPLAINED,,,,
UADH,UADH,2025-07-04,0.53,47234,0.1276595744680853,1.2043613117230587,3.2742908457674558,False,True,False,UNEXPLAINED,,,,
UADH,UADH,2025-11-10,0.54,3155,-0.0689655172413792,0.3516516253178843,-3.103172709842634,False,True,False,UNEXPLAINED,,,,
UADH,UADH,2025-11-19,0.58,1,0.0943396226415094,-3.699018948967126,4.043178329574538,False,True,False,UNEXPLAINED,,,,
UBCI,UBCI,2022-04-22,22.1,11070,0.0,3.129532025880965,0.0554809989069988,True,False,False,EXPLAINED,L'UBCI accroît de 5% son PNB à fin mars à 67 millions de dinars,2022-04-20,-2.0,other_news
UBCI,UBCI,2022-05-11,21.35,3,-0.0339366515837104,-2.462959500028612,-3.337156733558356,False,True,False,UNEXPLAINED,,,,
UBCI,UBCI,2022-05-19,20.4,7,-0.0440487347703842,-1.7041169419759827,-4.112461348187058,False,True,False,EXPLAINED,UBCI au FITA 2022 : Banque engagée dans le financement de l'économie,2022-05-26,7.0,other_news
UBCI,UBCI,2022-07-27,22.04,10,0.0445497630331752,-1.1703637388732937,3.8581563581334857,False,True,False,UNEXPLAINED,,,,
UBCI,UBCI,2022-09-07,21.21,13,-0.0402714932126696,-0.8661218139992521,-3.1521354494297698,False,True,False,EXPLAINED,L'UBCI a plus que doublé son bénéfice au premier semestre à 28 millions de dinars,2022-08-31,-7.0,earnings_results
UBCI,UBCI,2022-09-30,22.15,116,0.0443187175860442,0.1098261815062098,3.3964535174763757,False,True,False,EXPLAINED,"L'UBCI, partenaire officiel de l'Extended Sessions de Jazz à Carthage",2022-10-04,4.0,other_news
UBCI,UBCI,2023-04-19,24.13,5,0.0913613749434645,-1.2579197581657535,6.1402647174653575,False,True,False,EXPLAINED,Tunisian Padel Circuit signe un partenariat avec CARTE Assurances et devient «CARTE Padel Circuit»,2023-04-18,-1.0,other_news
UBCI,UBCI,2023-05-09,21.02,332,-0.0820960698689956,0.5358967949827778,-4.139016285964681,False,True,False,EXPLAINED,"L'UBCI, Innovation Partner de l'évènement Women In Data Science",2023-05-05,-4.0,other_news
UBCI,UBCI,2023-07-28,20.5,259,-0.0723981900452489,0.4059763054302983,-3.3514560565394724,False,True,False,EXPLAINED,"UBCI, partenaire du Festival International de Dougga",2023-07-27,-1.0,other_news
UBCI,UBCI,2023-08-15,22.9,5,0.0904761904761903,-1.4657540715643187,3.799505449547624,False,True,False,UNEXPLAINED,,,,
UBCI,UBCI,2023-09-21,20.5,785,-0.1048034934497815,0.9529460202333772,-3.9486980781774896,False,True,False,UNEXPLAINED,,,,
UBCI,UBCI,2024-09-30,24.56,16,0.0915555555555553,-0.7634808312146092,4.500083211968759,False,True,False,UNEXPLAINED,,,,
UBCI,UBCI,2024-10-07,22.5,1,-0.0838762214983712,-1.7178253376301944,-3.434653212324934,False,True,False,UNEXPLAINED,,,,
UBCI,UBCI,2025-06-02,19.8,50,0.0421052631578948,-0.5199511320245026,3.4275549564811176,False,True,False,EXPLAINED,"La BEI, l'UE et l’UBCI s’unissent pour accélérer l’internationalisation des PME régionales",2025-05-29,-4.0,other_news
UBCI,UBCI,2025-06-18,20.4,69749,0.0,3.087332451459876,0.0906542111762791,True,False,False,UNEXPLAINED,,,,
UBCI,UBCI,2025-10-28,25.0,2017,0.0822510822510822,1.131717880037307,4.704878518619547,False,True,False,EXPLAINED,UBCI : Une solide dynamique de croissance au troisième trimestre 2025,2025-10-21,-7.0,other_news
UBCI,UBCI,2025-10-30,27.29,1134,0.0915999999999999,0.8929626197880085,4.423148698660232,False,True,False,UNEXPLAINED,,,,
UBCI,UBCI,2025-12-02,34.18,2562,0.120655737704918,0.9090784152322232,3.987036102595708,False,True,False,UNEXPLAINED,,,,
UIB,UIB,2021-07-30,16.79,531,0.0370599135268683,0.6031336639429659,3.070850180947257,False,True,False,UNEXPLAINED,,,,
UIB,UIB,2021-09-03,16.6,869331,0.0,4.2652306472714585,-0.0143104423587039,True,False,False,EXPLAINED,L'UIB a quasiment doublé son bénéfice net semestriel à 35 millions de dinars,2021-09-02,-1.0,earnings_results
UIB,UIB,2021-12-09,16.0,150,0.0498687664041994,-1.330196209838182,4.664944316033685,False,True,False,EXPLAINED,Proparco et l'UIB renforcent leur soutien aux entrepreneurs tunisiens affectés par la crise,2021-12-08,-1.0,other_news
UIB,UIB,2022-03-23,14.49,185001,0.0,3.3355301600936977,0.0387850261291339,True,False,False,EXPLAINED,L’UIB certifiée PCI-DSS pour la 4ème année consécutive,2022-03-21,-2.0,other_news
UIB,UIB,2022-05-30,14.02,565,-0.0469068660774983,-0.5315974473716952,-3.99991071947407,False,True,False,UNEXPLAINED,,,,
UIB,UIB,2022-06-30,15.57,17589,0.0414715719063545,1.0250566401054737,3.458817457263097,False,True,False,UNEXPLAINED,,,,
UIB,UIB,2022-08-31,18.8,9027,0.0444444444444445,0.5853583236237261,3.827035793117916,False,True,False,EXPLAINED,L'UIB double quasiment ses bénéfices semestriels à  67 millions de dinars,2022-08-30,-1.0,earnings_results
UIB,UIB,2022-09-21,19.8,12095,0.0443037974683544,0.6667351188318955,3.6207109252893934,False,True,False,UNEXPLAINED,,,,
UIB,UIB,2022-10-21,23.9,3044,0.0391304347826086,-0.2148523468590669,3.01014544265244,False,True,False,EXPLAINED,L'UIB augmente de 8% son PNB à fin septembre à 355 millions de dinars,2022-10-18,-3.0,other_news
UIB,UIB,2023-05-16,24.0,30148,0.0389610389610388,1.6118815381793137,3.960114797991627,False,True,False,UNEXPLAINED,,,,
UIB,UIB,2023-05-17,25.0,14861,0.0416666666666667,1.1769078202014156,3.891216111671867,False,True,False,UNEXPLAINED,,,,
UIB,UIB,2023-05-29,26.15,1294130,0.0096525096525097,4.039582774009907,0.7427034571310609,True,False,False,EXPLAINED,UFI Group de Abdelaziz ESSASSI rachète pour 33 millions de dinars d'actions UIB,2023-05-30,1.0,other_news
UIB,UIB,2023-06-08,28.82,6601,0.0599485104817947,0.4356381304799194,4.535864292326859,False,True,False,EXPLAINED,"Société Générale cède ses filiales au Congo, en Guinée Equatoriale, en Mauritanie et au Tchad",2023-06-08,0.0,other_news
UIB,UIB,2023-08-17,26.2,420,-0.0575539568345324,-0.8895764785930472,-3.61196320648129,False,True,False,UNEXPLAINED,,,,
UIB,UIB,2023-08-21,27.67,7667,0.0597472232860973,0.7443827338173453,3.365540750600453,False,True,False,UNEXPLAINED,,,,
UIB,UIB,2023-11-16,25.27,56985,0.0542344597413433,2.13962053214394,3.8081621091314255,False,True,False,UNEXPLAINED,,,,
UIB,UIB,2024-09-02,22.4,2536,-0.0468085106382979,1.103199231162121,-3.954760147864924,False,True,False,EXPLAINED,Les bénéfices de l’UIB chutent de 40 % au premier semestre,2024-09-02,0.0,earnings_results
UIB,UIB,2024-10-02,22.65,238220,0.0,3.4635936409630834,0.0290173955234289,True,False,False,EXPLAINED,Aux côtés des Petits Cœurs,2024-10-03,1.0,other_news
UIB,UIB,2024-10-22,23.6,1344,0.0433244916003536,0.5568518506868443,3.433385217683435,False,True,False,EXPLAINED,Le PNB de l'UIB dépasse les 400 millions de dinars à fin septembre,2024-10-21,-1.0,other_news
UIB,UIB,2024-11-25,23.39,174,0.0386323268206039,-0.6270006717814312,3.1528583438029893,False,True,False,UNEXPLAINED,,,,
UIB,UIB,2024-12-20,22.51,499741,0.0040142729705618,3.397165133794622,0.343536665696848,True,False,False,UNEXPLAINED,,,,
UIB,UIB,2025-05-08,23.23,1899,0.0497062810664257,0.3356264501121387,4.997383647825536,False,True,False,EXPLAINED,Assemblée Générale de l'UIB : Une stratégie d'engagement résolument tournée vers l’avenir,2025-05-08,0.0,governance
UIB,UIB,2025-05-29,23.6,345625,0.0021231422505307,3.9725301340035992,0.1167763761407209,True,False,False,UNEXPLAINED,,,,
UIB,UIB,2025-06-02,22.75,80,-0.0360169491525423,-1.9726930780707568,-3.6850888954200216,False,True,False,UNEXPLAINED,,,,
UIB,UIB,2025-09-23,22.49,1300,0.0524099204492278,0.490836480054214,4.8711776608854525,False,True,False,EXPLAINED,Ilhem BOUAZIZ nommée Présidente du Conseil d'Administration de l'UIB Assurances,2025-09-17,-6.0,governance
UIB,UIB,2025-09-24,21.6,125,-0.0395731436193862,-0.3945037998804876,-3.091906873355533,False,True,False,EXPLAINED,Ilhem BOUAZIZ nommée Présidente du Conseil d'Administration de l'UIB Assurances,2025-09-17,-7.0,governance
UIB,UIB,2025-09-29,22.5,60,0.0440835266821344,-0.6872487486075112,3.235960277971287,False,True,False,UNEXPLAINED,,,,
UIB,UIB,2025-10-23,25.4,4224,0.0583333333333333,0.8305853377985348,3.2626581961228407,False,True,False,EXPLAINED,L’UIB affiche un PNB de 388 millions de dinars à fin septembre,2025-10-20,-3.0,other_news
UIB,UIB,2025-11-03,24.36,300,-0.0587326120556414,-0.1976354299434705,-3.350766590536325,False,True,False,UNEXPLAINED,,,,
UIB,UIB,2025-12-29,24.8,177100,0.0290456431535268,3.011105717438645,1.1828425761373331,True,False,False,UNEXPLAINED,,,,
UIB,UIB,2026-02-18,27.49,603326,0.0189028910303927,3.515998493408105,1.0955096703016072,True,False,False,UNEXPLAINED,,,,
UIB,UIB,2026-05-14,29.68,4192,0.06,0.553361846005423,4.344367003846932,False,True,False,UNEXPLAINED,,,,
UMED,UNIMED,2021-10-01,7.25,9667,0.0537790697674418,1.1715373310493329,4.844858925566107,False,True,False,UNEXPLAINED,,,,
UMED,UNIMED,2021-11-08,7.7,10852,0.0591471801925722,1.1501145926165706,3.908883631411575,False,True,False,EXPLAINED,"UNIMED tiendra une communication financière le 18 novembre, de grandes annonces en vue",2021-11-10,2.0,other_news
UMED,UNIMED,2022-06-20,7.2,34852,0.0449927431059506,1.7102718591462327,3.311570765546473,False,True,False,EXPLAINED,Covid-19 : Le Japon choisit UNIMED pour la fabrication des Tests de Diagnostic Rapide,2022-06-14,-6.0,other_news
UMED,UNIMED,2022-08-10,7.58,11293,0.0455172413793103,0.8567366395644743,3.23506432580954,False,True,False,UNEXPLAINED,,,,
UMED,UNIMED,2022-09-20,7.72,2892,0.0503401360544217,-0.096855459264623,3.132813669618975,False,True,False,UNEXPLAINED,,,,
UMED,UNIMED,2023-04-24,7.53,17304,0.0343406593406594,1.3571450860331893,3.089850805830776,False,True,False,EXPLAINED,UNIMED améliore de 37% ses revenus trimestriels à près de 30 millions de dinars,2023-04-24,0.0,earnings_results
UMED,UNIMED,2023-07-21,8.15,15751,0.0355781448538754,1.1102015004925572,3.17750215033494,False,True,False,EXPLAINED,UNIMED : Forte hausse des revenus semestriels à plus de 60 millions de dinars,2023-07-20,-1.0,earnings_results
UMED,UNIMED,2023-07-31,7.9,4063,-0.0389294403892944,-0.298829144172044,-3.9907794617814254,False,True,False,UNEXPLAINED,,,,
UMED,UNIMED,2023-10-03,8.05,120836,0.0454545454545454,3.196404370487746,4.216712400863984,True,True,True,EXPLAINED,UNIMED multiplie quasiment par cinq ses bénéfices au premier semestre,2023-10-02,-1.0,earnings_results
UMED,UNIMED,2023-11-13,7.35,34609,-0.0454545454545455,1.808573779499992,-4.2809714330119055,False,True,False,UNEXPLAINED,,,,
UMED,UNIMED,2024-05-28,6.8,29791,-0.0422535211267605,1.701667413484822,-4.186955224403717,False,True,False,EXPLAINED,UNIMED annonce un bénéfice net de près de 6 millions de dinars en 2023,2024-05-27,-1.0,earnings_results
UMED,UNIMED,2024-06-21,6.54,26336,0.0582524271844659,1.2203468831439006,5.968644425570924,False,True,False,UNEXPLAINED,,,,
UMED,UNIMED,2024-06-28,6.75,19884,0.0546875,1.0007032911940408,4.297886128822737,False,True,False,EXPLAINED,UNIMED : Les fondamentaux vont finir par payer,2024-07-01,3.0,other_news
UMED,UNIMED,2025-05-07,7.89,42029,0.0590604026845635,1.86265268683104,5.810682159095061,False,True,False,UNEXPLAINED,,,,
UMED,UNIMED,2025-05-12,7.29,20861,-0.0532467532467532,0.9636898859275642,-4.733957090180588,False,True,False,UNEXPLAINED,,,,
UMED,UNIMED,2025-05-14,7.55,8597,0.0471567267683772,-0.0687980516680339,3.405409233132428,False,True,False,UNEXPLAINED,,,,
UMED,UNIMED,2025-06-23,8.0,103096,0.0526315789473683,2.521255754465324,3.297446286424293,False,True,False,UNEXPLAINED,,,,
UMED,UNIMED,2025-08-26,8.64,21461,-0.0505494505494504,0.1320328488749224,-3.336919398633193,False,True,False,EXPLAINED,Rached AZAIEZ nommé Directeur Général des Laboratoires UNIMED,2025-08-25,-1.0,other_news
UMED,UNIMED,2025-09-02,8.64,1324027,-0.008036739380023,3.008441520420956,-0.6047687878218226,True,False,False,EXPLAINED,EKUITY Capital poursuit la cession de ses actions UNIMED,2025-09-09,7.0,other_news
UMED,UNIMED,2025-12-03,8.93,89931,0.0335648148148146,1.5760489855166693,3.167747749751874,False,True,False,EXPLAINED,"MAC SA recommande UNIMED à l'achat avec un cours cible de 11,290 dinars",2025-12-02,-1.0,other_news
UMED,UNIMED,2026-01-22,9.4,104838,-0.0674603174603174,1.8231015349162487,-5.479536927084195,False,True,False,EXPLAINED,UNIMED clôture 2025 avec un chiffre d’affaires de près de 150 millions de dinars,2026-01-20,-2.0,earnings_results
UMED,UNIMED,2026-04-13,9.0,1133814,0.0169491525423728,4.166653358357146,1.3041285920432564,True,False,False,EXPLAINED,UNIMED : Entre résilience locale et offensive à l'export,2026-04-20,7.0,other_news
UMED,UNIMED,2026-06-03,10.0,129232,0.0438413361169103,1.5918835969593137,4.098244856261052,False,True,False,UNEXPLAINED,,,,
WIFAK,WIFAK,2022-04-25,6.6,354209,0.0,4.076941842351708,-0.2886778767831492,True,False,False,EXPLAINED,La STB Bank vend pour plus de 2 millions de dinars d'actions WIFAK Bank,2022-04-26,1.0,other_news
WIFAK,WIFAK,2022-04-27,6.89,2,0.0439393939393939,-1.9978870808767557,4.123303884455192,False,True,False,EXPLAINED,La STB Bank vend pour plus de 2 millions de dinars d'actions WIFAK Bank,2022-04-26,-1.0,other_news
WIFAK,WIFAK,2022-04-28,6.6,100202,-0.0420899854862119,2.425302461259637,-4.407810462066223,False,True,False,EXPLAINED,La STB Bank vend pour plus de 2 millions de dinars d'actions WIFAK Bank,2022-04-26,-2.0,other_news
WIFAK,WIFAK,2022-05-26,6.69,5000,-0.0415472779369627,0.9968462936221612,-3.447668516342511,False,True,False,UNEXPLAINED,,,,
WIFAK,WIFAK,2022-06-30,6.99,25,0.0448430493273541,-1.110513621517283,3.031276219787713,False,True,False,UNEXPLAINED,,,,
WIFAK,WIFAK,2022-10-17,6.82,899750,-0.0215208034433285,3.386056482111877,-1.051695317664572,True,False,False,EXPLAINED,WIFAK Bank améliore de 21% son PNB à fin septembre à 43 millions de dinars,2022-10-20,3.0,other_news
WIFAK,WIFAK,2024-04-04,8.8,25,0.0352941176470589,-1.2444191812741257,3.4878077057971497,False,True,False,EXPLAINED,Le Groupe WIFAK Bank annonce un bénéfice net de 9 millions de dinars en 2023,2024-04-01,-3.0,earnings_results
WIFAK,WIFAK,2024-06-21,8.88,436,0.0447058823529413,0.5860982932037472,4.466064900936071,False,True,False,UNEXPLAINED,,,,
WIFAK,WIFAK,2024-07-02,8.55,136739,-0.0446927374301674,3.6408093276472258,-3.672866308681717,True,True,True,UNEXPLAINED,,,,
WIFAK,WIFAK,2024-07-04,8.93,11,0.0444444444444442,-1.2620571798583176,3.2203121537374644,False,True,False,UNEXPLAINED,,,,
WIFAK,WIFAK,2024-10-10,8.5,132,-0.0659340659340659,0.0447617445074214,-3.5177910434046087,False,True,False,UNEXPLAINED,,,,
WIFAK,WIFAK,2024-11-29,8.8,100900,0.0,3.965444695316686,-0.0387465169453776,True,False,False,UNEXPLAINED,,,,
WIFAK,WIFAK,2024-12-11,8.7,908963,-0.0022935779816515,4.114614072125251,-0.1237348992524339,True,False,False,UNEXPLAINED,,,,
WIFAK,WIFAK,2025-05-05,8.27,126,-0.0383720930232558,-0.5539349877374116,-3.798422802898823,False,True,False,UNEXPLAINED,,,,
WIFAK,WIFAK,2025-05-06,8.59,125,0.0386940749697704,-0.5626299610082209,3.9693440218980456,False,True,False,UNEXPLAINED,,,,
WIFAK,WIFAK,2025-07-04,7.8,455,-0.0358467243510506,0.5609502622434493,-3.437334454648606,False,True,False,UNEXPLAINED,,,,
WIFAK,WIFAK,2025-07-15,8.04,206,0.0455136540962286,0.1574911403249121,4.19973697241235,False,True,False,UNEXPLAINED,,,,
WIFAK,WIFAK,2025-07-22,7.5,523,-0.0671641791044774,0.732354961175442,-5.079396641021463,False,True,False,EXPLAINED,WIFAK Bank : Des performances solides au premier semestre 2025,2025-07-23,1.0,other_news
WIFAK,WIFAK,2025-07-23,7.05,600,-0.06,0.8168409975420624,-3.692139091532389,False,True,False,EXPLAINED,WIFAK Bank : Des performances solides au premier semestre 2025,2025-07-23,0.0,other_news
WIFAK,WIFAK,2025-07-24,8.08,140,0.1460992907801419,0.0140657017877454,8.64798337434507,False,True,False,EXPLAINED,WIFAK BANK renforce l’expansion de son réseau et annonce l’ouverture de sa 52ᵉ agence à El Yasminet,2025-07-24,0.0,other_news
WIFAK,WIFAK,2026-02-02,7.68,211,0.0448979591836735,0.4190409767964178,3.1455283544175296,False,True,False,UNEXPLAINED,,,,
WIFAK,WIFAK,2026-06-10,8.11,3,-0.0436320754716982,-1.5797454038809269,-3.277063547002324,False,True,False,UNEXPLAINED,,,,
